5,18,25,26,6,14,2,4,11,30,29,1,7,28,16,17,19,12,0,34,70,53,67,56,57,49,58,63,64,59,52,55,71,45,43,39,38,36,60,48,46,44,68,65,54,62,50,42,66,69,92,84,83,80,90,94,81,105,99,91,102,107,121,110,116,159,149,146,172,151,167,144,161,148,169,168,162,178,155,170,154,166,175,163,177,147,179,160,176,164,152,145,171,158,174,156,150,173,165,157
0,31758,41963,43396,5174.1,25248,14520,5551.4,19683,48895,47532,17803,9259.3,46172,28600,30207,33263,21662,20438,54565,1.2339e+05,82490,1.1363e+05,87463,89381,77126,91392,1.0269e+05,1.0524e+05,93481,81046,85683,1.2693e+05,72430,69539,62734,61027,57665,95646,75944,73659,71041,1.1673e+05,1.079e+05,84034,1.0024e+05,78376,67908,1.107e+05,1.1999e+05,1.5701e+05,1.7225e+05,1.701e+05,1.5982e+05,1.6372e+05,1.5029e+05,1.6331e+05,1.158e+05,1.3449e+05,1.6052e+05,1.2479e+05,1.1048e+05,91541,1.0396e+05,96057,43771,49650,52450,40485,48086,41143,54815,43036,50523,40759,40940,42692,44997,45585,40612,46140,41392,41109,42346,43366,51448,46731,43395,42012,42011,47389,53556,40515,44158,40669,45066,48841,40509,41687,44585
31758,0,18260,20215,29784,12316,37132,33625,19309,27401,25672,38794,27723,23914,6667.7,3469.2,3379.7,17099,40390,34320,1.1644e+05,69104,1.0545e+05,75061,77334,62573,79708,92905,95851,82162,67352,72946,1.204e+05,56548,52695,44158,42061,37949,84699,61105,58163,54706,1.0896e+05,98918,70968,90064,64099,50568,1.0212e+05,1.1263e+05,1.5506e+05,1.7025e+05,1.6783e+05,1.5666e+05,1.619e+05,1.4802e+05,1.6045e+05,1.0872e+05,1.3011e+05,1.5863e+05,1.1905e+05,1.0256e+05,80689,94907,85561,39337,39715,41639,54241,38881,47398,43427,40674,40253,50044,48713,41535,62810,38273,51416,38290,46090,58580,42515,61429,40902,64150,39948,60015,43613,38595,42458,52815,38853,57132,38330,39260,55683,44817,38511
41963,18260,0,3300.2,40245,25960,46799,43622,31271,14011,11562,48337,38447,8950.4,22268,20306,16145,29527,49853,22770,1.1277e+05,61877,1.0113e+05,68408,70868,54386,73442,87697,90860,76105,59899,66112,1.1693e+05,47297,42876,33710,31437,26930,78854,52658,49205,45155,1.0486e+05,94145,63945,84647,56170,40563,97565,1.0875e+05,1.5302e+05,1.6836e+05,1.6591e+05,1.545e+05,1.5992e+05,1.459e+05,1.5839e+05,1.0525e+05,1.2762e+05,1.5661e+05,1.1611e+05,98708,75013,90512,80389,46419,36342,36683,63321,37223,56751,37834,49151,36235,59322,58025,50458,71266,41080,60636,39936,55490,67382,51727,70000,36350,72496,47803,68701,52982,37974,37168,61965,45007,66045,42307,36678,64687,54236,43625
43396,20215,3300.2,0,41704,27659,48168,45029,32852,11553,8938.7,49710,39941,6184.8,24069,22174,18201,31140,51228,20860,1.1218e+05,60780,1.0045e+05,67433,69923,53123,72523,86925,90110,75215,58759,65104,1.1636e+05,45868,41377,32104,29778,25160,77997,51359,47819,43687,1.042e+05,93419,62893,83848,54944,39046,96863,1.0812e+05,1.5261e+05,1.68e+05,1.6555e+05,1.5409e+05,1.5953e+05,1.4547e+05,1.5799e+05,1.0461e+05,1.2712e+05,1.5622e+05,1.1554e+05,98016,74052,89738,79505,47742,36344,36132,64512,37625,57990,37042,50461,36027,60544,59255,51752,72357,42121,61849,40834,56736,68527,53008,71109,35953,73570,49126,69831,54251,38556,36488,63168,46303,67207,43462,36886,65865,55494,44867
5174.1,29784,40245,41704,0,22957,17233,9779.9,16951,47281,45908,20038,4857.4,44527,26493,28171,31345,19102,22398,52999,1.2264e+05,81327,1.1279e+05,86370,88309,75863,90337,1.0174e+05,1.0432e+05,92445,79860,84563,1.262e+05,71077,68131,61247,59522,56121,94634,74659,72328,69663,1.1592e+05,1.0701e+05,82891,99275,77135,66469,1.0983e+05,1.1921e+05,1.569e+05,1.7199e+05,1.6979e+05,1.594e+05,1.6362e+05,1.5006e+05,1.6293e+05,1.1502e+05,1.339e+05,1.6041e+05,1.2408e+05,1.0965e+05,90608,1.0306e+05,95084,43158,48765,51529,40311,47240,40728,53871,42471,49622,40396,40552,42148,46536,44861,40274,45379,40947,41987,41826,44836,50538,48204,42806,43292,41508,46567,52621,40227,43519,41074,44373,47975,40558,41210,43918
25248,12316,25960,27659,22957,0,31296,27378,10218,34136,32549,33108,20567,30954,6834.7,9716.9,14630,7119.4,34798,40582,1.1819e+05,72924,1.0754e+05,78538,80688,66807,82934,95497,98312,85263,71276,76537,1.2203e+05,61333,57877,49911,47926,44042,87684,65453,62783,59687,1.1093e+05,1.0125e+05,74674,92793,68228,55922,1.0433e+05,1.1449e+05,1.5578e+05,1.7084e+05,1.6844e+05,1.574e+05,1.626e+05,1.4876e+05,1.6113e+05,1.104e+05,1.3108e+05,1.5934e+05,1.2032e+05,1.0451e+05,83717,97228,88360,39235,42447,44676,48685,41347,42135,46714,39189,43100,44499,43254,39297,57552,39946,45838,40213,41187,53166,39525,56124,43846,58941,39181,54663,39896,40904,45611,47241,39345,51651,39700,41870,50156,40446,39490
14520,37132,46799,48168,17233,31296,0,11156,26654,53591,52230,7592.9,19505,50876,34276,35718,38528,28258,12496,59103,1.2589e+05,86173,1.1637e+05,90900,92747,81134,94688,1.0567e+05,1.0816e+05,96709,84808,89195,1.2936e+05,76631,73785,67102,65414,62130,98811,80023,77835,75262,1.1938e+05,1.1077e+05,87631,1.0329e+05,82300,72196,1.1351e+05,1.2256e+05,1.576e+05,1.7344e+05,1.7138e+05,1.614e+05,1.6393e+05,1.5169e+05,1.648e+05,1.1846e+05,1.367e+05,1.6079e+05,1.2725e+05,1.1324e+05,94357,1.0689e+05,99011,45694,52363,55244,41450,50709,42522,57695,44791,53253,41973,42240,44383,41254,47891,41748,48528,42847,41227,43976,41168,54204,42060,45227,41187,43582,49942,56399,41570,46176,41286,47280,51518,41356,43206,46702
5551.4,33625,43622,45029,9779.9,27378,11156,0,22213,50474,49111,15156,13130,47761,30584,32131,35082,24029,18229,56099,1.2419e+05,83683,1.145e+05,88578,90474,78427,92465,1.0366e+05,1.0619e+05,94531,82262,86823,1.277e+05,73814,70956,64207,62508,59179,96673,77267,75026,72440,1.1758e+05,1.0883e+05,85202,1.0123e+05,79650,69348,1.116e+05,1.2081e+05,1.5713e+05,1.7256e+05,1.7046e+05,1.6028e+05,1.6379e+05,1.5062e+05,1.6374e+05,1.1664e+05,1.3515e+05,1.606e+05,1.2556e+05,1.1136e+05,92476,1.049e+05,97039,44395,50550,53375,40786,48943,41581,55763,43610,51432,41142,41349,43247,43459,46336,40970,46923,41862,40799,42879,42033,52364,45185,43994,41154,42523,48225,54493,40845,44809,40720,45779,49720,40743,42182,45267
19683,19309,31271,32852,16951,10218,26654,22213,0,38955,37470,28644,14077,35968,15121,17289,21204,3918,30477,45046,1.1959e+05,75845,1.0926e+05,81229,83296,69955,85465,97570,1.003e+05,87711,74261,79309,1.2333e+05,64729,61482,53962,52079,48382,90031,68657,66117,63173,1.1254e+05,1.0315e+05,77525,94950,71326,59652,1.0614e+05,1.1599e+05,1.5621e+05,1.711e+05,1.6875e+05,1.5795e+05,1.6298e+05,1.4922e+05,1.616e+05,1.1183e+05,1.3184e+05,1.5974e+05,1.214e+05,1.0614e+05,86126,99137,90634,40390,44586,47066,44408,43332,39772,49282,39981,45323,40926,40242,39784,53532,41535,41865,41909,39499,48866,39604,52018,46147,54988,40181,50456,39464,42805,48093,43054,40613,47319,41185,43933,45836,39416,40865
48895,27401,14011,11553,47281,34136,53591,50474,38955,0,3228.8,55129,45617,6153.1,30843,29142,25630,37372,56611,11881,1.0969e+05,56114,97656,63321,65977,47804,68722,83694,86997,71536,53922,60810,1.1398e+05,39967,35216,25133,22514,17199,74424,45880,42061,37650,1.0151e+05,90417,58411,80498,49792,32755,93968,1.0553e+05,1.5088e+05,1.6636e+05,1.6387e+05,1.5233e+05,1.5792e+05,1.4362e+05,1.5627e+05,1.0182e+05,1.2489e+05,1.5455e+05,1.1304e+05,94982,69897,86366,75610,52944,38264,35643,69020,40917,62767,35009,55499,37181,65246,64000,56725,76471,47150,66490,45591,61545,72814,57933,75260,36296,77666,54244,74044,59136,42427,35204,67747,51574,71561,48675,39519,70294,60339,50144
47532,25672,11562,8938.7,45908,32549,52230,49111,37470,3228.8,0,53779,44223,3248,29202,27462,23849,35854,55290,14355,1.1033e+05,57322,98367,64389,66998,49180,69698,84515,87786,72471,55170,61926,1.1459e+05,41470,36803,26983,24446,19385,75332,47290,43529,39193,1.0219e+05,91178,59573,81351,51118,34397,94704,1.0619e+05,1.5133e+05,1.668e+05,1.6432e+05,1.5278e+05,1.5834e+05,1.441e+05,1.5672e+05,1.0253e+05,1.2546e+05,1.5498e+05,1.1368e+05,95755,70942,87213,76602,51641,37469,35415,67909,39817,61569,35215,54242,36558,64075,62813,55481,75444,45783,65340,44249,60339,71761,56697,74232,35862,76637,52967,73008,57908,41219,35191,66616,50244,70492,47300,38563,69206,59123,48788
17803,38794,48337,49710,20038,33108,7592.9,15156,28644,55129,53779,0,22014,52424,35992,37399,40181,30176,8315.3,60568,1.2678e+05,87477,1.1734e+05,92131,93954,82521,95869,1.0674e+05,1.092e+05,97864,86135,90448,1.3023e+05,78006,75165,68522,66839,63568,99944,81418,79219,76638,1.2033e+05,1.1179e+05,88909,1.0438e+05,83668,73587,1.1451e+05,1.2348e+05,1.582e+05,1.7404e+05,1.7199e+05,1.6209e+05,1.6404e+05,1.5243e+05,1.6545e+05,1.1943e+05,1.3759e+05,1.6115e+05,1.2817e+05,1.1423e+05,95284,1.0792e+05,99976,46364,53241,56181,41800,51583,42991,58658,45386,54146,42409,42687,44947,41363,48673,42148,49351,43338,41501,44517,41401,55121,41340,45862,41449,44102,50809,57352,41944,46879,41575,48035,52393,41674,43711,47436
9259.3,27723,38447,39941,4857.4,20567,19505,13130,14077,45617,44223,22014,0,42821,24288,26044,29341,16424,24179,51395,1.2193e+05,80188,1.12e+05,85292,87258,74635,89307,1.0083e+05,1.0343e+05,91435,78696,83461,1.2552e+05,69751,66739,59753,58000,54553,93646,73406,71032,68306,1.1516e+05,1.0616e+05,81771,98336,75928,65045,1.0902e+05,1.1847e+05,1.5677e+05,1.7177e+05,1.6952e+05,1.5903e+05,1.635e+05,1.4987e+05,1.6258e+05,1.1428e+05,1.3337e+05,1.6029e+05,1.2344e+05,1.0886e+05,89679,1.0219e+05,94131,42565,47890,50619,40449,46410,40340,52932,41926,48732,40061,40188,41628,48005,44161,40015,44647,40530,43222,41324,46326,49637,49606,42237,44698,41032,45769,51696,40120,42899,41961,43700,47121,41034,40765,43270
46172,23914,8950.4,6184.8,44527,30954,50876,47761,35968,6153.1,3248,52424,42821,0,27547,25758,22045,34314,53954,16698,1.1096e+05,58501,99070,65428,67991,50526,70649,85329,88570,73391,56390,63010,1.152e+05,42958,38353,28765,26308,21421,76228,48681,44984,40713,1.0288e+05,91932,60707,82193,52419,35989,95433,1.0685e+05,1.5176e+05,1.6723e+05,1.6475e+05,1.5323e+05,1.5874e+05,1.4457e+05,1.5715e+05,1.0323e+05,1.2603e+05,1.554e+05,1.1432e+05,96527,72004,88072,77603,50354,36891,35435,66802,38909,60388,35665,52998,36167,62914,61640,54255,74431,44486,64194,43004,59150,70711,55484,73214,35670,75627,51700,71976,56702,40166,35426,65489,48930,69423,45974,37814,68118,57924,47459
28600,6667.7,22268,24069,26493,6834.7,34276,30584,15121,30843,29202,35992,24288,27547,0,3540,9489.5,12594,37605,37522,1.1732e+05,71061,1.0651e+05,76843,79055,64739,81366,94233,97108,83755,69360,74783,1.2122e+05,59013,55371,47110,45071,41071,86226,63330,60542,57282,1.0995e+05,1.001e+05,72867,91466,66215,53324,1.0323e+05,1.1356e+05,1.5546e+05,1.7057e+05,1.6817e+05,1.5705e+05,1.6229e+05,1.4842e+05,1.6082e+05,1.0957e+05,1.3063e+05,1.5902e+05,1.197e+05,1.0353e+05,82205,96071,86959,38917,41074,43153,51507,40095,44669,45067,39504,41677,47286,45965,39993,60207,39012,48655,39195,43439,55905,40617,58795,42375,61581,39151,57358,41390,39727,44028,50069,38798,54431,38855,40550,52962,42336,38768
30207,3469.2,20306,22174,28171,9716.9,35718,32131,17289,29142,27462,37399,26044,25758,3540,0,6533.9,14940,38998,35943,1.1689e+05,70094,1.0599e+05,75964,78209,63670,80551,93586,96497,82972,68366,73877,1.2082e+05,57809,54061,45658,43589,39529,85476,62238,59378,56024,1.0947e+05,99526,71929,90781,65173,51971,1.0269e+05,1.1311e+05,1.5527e+05,1.7042e+05,1.6801e+05,1.5686e+05,1.621e+05,1.4823e+05,1.6064e+05,1.0915e+05,1.3038e+05,1.5883e+05,1.1938e+05,1.0305e+05,81451,95496,86265,39019,40394,42400,52884,39483,46031,44249,39987,40966,48673,47345,40667,61522,38597,50047,38715,44743,57251,41478,60124,41644,62881,39446,58695,42430,39156,43246,51453,38730,55792,38529,39903,54332,43530,38562
33263,3379.7,16145,18201,31345,14630,38528,35082,21204,25630,23849,40181,29341,22045,9489.5,6533.9,0,19097,41774,32680,1.1597e+05,68085,1.0489e+05,74131,76434,61432,78838,92197,95180,81324,66304,71985,1.1995e+05,55236,51293,42629,40504,36356,83895,59923,56900,53348,1.0842e+05,98281,69977,89322,62994,49131,1.0152e+05,1.1212e+05,1.5484e+05,1.7005e+05,1.6763e+05,1.5643e+05,1.6169e+05,1.4778e+05,1.6024e+05,1.0828e+05,1.2983e+05,1.5841e+05,1.187e+05,1.0206e+05,79910,94316,84845,39848,39031,40859,55569,38278,48743,42592,41538,39534,51386,50058,42561,64055,38072,52755,37953,47435,59879,43677,62695,40148,65374,40640,61299,44875,38058,41655,54151,39180,58442,38282,38614,57002,46140,38645
21662,17099,29527,31140,19102,7119.4,28258,24029,3918,37372,35854,30176,16424,34314,12594,14940,19097,0,31954,43572,1.191e+05,74837,1.0866e+05,80301,82395,68872,84588,96846,99605,86865,73230,78355,1.2288e+05,63566,60268,52614,50701,46942,89221,67556,64975,61991,1.1198e+05,1.0249e+05,76544,94200,70257,58400,1.055e+05,1.1547e+05,1.5606e+05,1.7099e+05,1.6863e+05,1.5775e+05,1.6286e+05,1.4907e+05,1.6144e+05,1.1132e+05,1.3156e+05,1.5961e+05,1.2101e+05,1.0557e+05,85303,98472,89849,39969,43856,46249,45819,42653,40294,48415,39617,44562,41939,41007,39473,54893,40975,43084,41317,39788,50322,39378,53413,45358,56318,39787,51886,39366,42152,47246,44406,40157,48774,40656,43228,47275,39489,40373
20438,40390,49853,51228,22398,34798,12496,18229,30477,56611,55290,8315.3,24179,53954,37605,38998,41774,31954,0,61981,1.2772e+05,88815,1.1836e+05,93393,95187,83892,97080,1.0786e+05,1.103e+05,99055,87495,91742,1.3113e+05,79365,76498,69894,68222,64967,1.0112e+05,82775,80569,77981,1.2133e+05,1.1286e+05,90227,1.0552e+05,85055,74918,1.1555e+05,1.2446e+05,1.5909e+05,1.7476e+05,1.7273e+05,1.6291e+05,1.65e+05,1.5331e+05,1.6622e+05,1.2042e+05,1.3851e+05,1.6205e+05,1.2913e+05,1.1525e+05,96183,1.0895e+05,1.0093e+05,47017,54093,57099,42115,52404,43426,59596,45969,55025,42797,43100,45487,41536,49454,42527,50154,43783,41729,45026,41606,56024,41486,46483,41666,44586,51626,58282,42287,47560,41833,48772,53221,41966,44173,48141
54565,34320,22770,20860,52999,40582,59103,56099,45046,11881,14355,60568,51395,16698,37522,35943,32680,43572,61981,0,1.0695e+05,50853,94609,58571,61407,41940,64345,80141,83570,67352,48496,55890,1.1133e+05,33282,27885,16159,13007,6614,70424,39900,35668,30629,98572,87119,53322,76815,44052,25082,90800,1.027e+05,1.4895e+05,1.6455e+05,1.6205e+05,1.5039e+05,1.5609e+05,1.4152e+05,1.5437e+05,98778,1.224e+05,1.5268e+05,1.1031e+05,91741,65834,82807,71622,58562,43659,39390,73641,46919,67832,37254,60967,42113,70140,68987,62132,80917,53214,71293,51746,66686,77265,63278,79707,40680,82104,59783,78484,64415,48577,38241,72457,57289,76045,54613,45274,74836,65551,55962
1.2339e+05,1.1644e+05,1.1277e+05,1.1218e+05,1.2264e+05,1.1819e+05,1.2589e+05,1.2419e+05,1.1959e+05,1.0969e+05,1.1033e+05,1.2678e+05,1.2193e+05,1.1096e+05,1.1732e+05,1.1689e+05,1.1597e+05,1.191e+05,1.2772e+05,1.0695e+05,0,78606,21659,71353,68420,86051,65147,44238,39157,61554,80660,73995,8182.1,92982,96376,1.0223e+05,1.0338e+05,1.0531e+05,57653,87720,91201,94704,15055,33735,76392,48974,84359,97980,27932,7978.7,70126,93572,89738,71263,80482,59903,77592,33376,38143,75537,30668,39875,96040,53050,79957,1.336e+05,1.2756e+05,1.2532e+05,1.4149e+05,1.2897e+05,1.3812e+05,1.2379e+05,1.3467e+05,1.2682e+05,1.3941e+05,1.3876e+05,1.3521e+05,1.464e+05,1.3144e+05,1.4008e+05,1.3086e+05,1.3751e+05,1.438e+05,1.3576e+05,1.455e+05,1.2607e+05,1.4731e+05,1.3413e+05,1.4463e+05,1.3633e+05,1.2963e+05,1.2455e+05,1.4077e+05,1.3306e+05,1.4299e+05,1.3199e+05,1.2828e+05,1.4222e+05,1.3691e+05,1.3252e+05
82490,69104,61877,60780,81327,72924,86173,83683,75845,56114,57322,87477,80188,58501,71061,70094,68085,74837,88815,50853,78606,0,63182,12938,17284,15039,21750,44303,48894,26228,4343.8,8699.2,83971,27133,32666,42110,44184,47723,30709,18179,24111,29963,68197,53558,4466.7,39734,11720,35230,58316,73348,1.2517e+05,1.443e+05,1.4164e+05,1.2888e+05,1.3347e+05,1.1666e+05,1.3324e+05,64988,94362,1.2949e+05,79669,55615,37773,43643,34146,81923,71753,68221,94113,74052,89169,65821,83699,70579,91076,90116,84594,1.0078e+05,78238,92057,77250,88233,97372,85491,99632,69396,1.0193e+05,82811,98492,86390,75157,67032,93070,81023,96267,79185,72916,95178,87305,80109
1.1363e+05,1.0545e+05,1.0113e+05,1.0045e+05,1.1279e+05,1.0754e+05,1.1637e+05,1.145e+05,1.0926e+05,97656,98367,1.1734e+05,1.12e+05,99070,1.0651e+05,1.0599e+05,1.0489e+05,1.0866e+05,1.1836e+05,94609,21659,63182,0,55019,51665,71403,47941,24960,19402,43907,65459,58023,28723,78971,82769,89314,90602,92766,39607,73220,77010,80892,7553.3,13495,60717,30170,69540,84569,7191.8,14667,83708,1.0651e+05,1.0295e+05,86049,93768,73500,91756,29876,49033,88942,35921,31618,83275,41236,66788,1.2363e+05,1.1703e+05,1.1462e+05,1.3229e+05,1.1855e+05,1.2864e+05,1.1301e+05,1.2484e+05,1.1623e+05,1.3002e+05,1.2932e+05,1.2545e+05,1.3749e+05,1.2122e+05,1.3074e+05,1.206e+05,1.2798e+05,1.3479e+05,1.2606e+05,1.3656e+05,1.1543e+05,1.3842e+05,1.2423e+05,1.3566e+05,1.2669e+05,1.1927e+05,1.1382e+05,1.315e+05,1.2303e+05,1.3394e+05,1.2183e+05,1.178e+05,1.331e+05,1.2733e+05,1.2243e+05
87463,75061,68408,67433,86370,78538,90900,88578,81229,63321,64389,92131,85292,65428,76843,75964,74131,80301,93393,58571,71353,12938,55019,0,5006.5,26139,9848.8,34508,39555,14678,16586,4781.2,76947,36786,41634,50452,52408,55719,19569,28918,34173,39234,60361,44640,9031.8,29491,23209,43972,49787,65814,1.1978e+05,1.3947e+05,1.3677e+05,1.2358e+05,1.2828e+05,1.1115e+05,1.2813e+05,59254,88745,1.242e+05,73963,50136,45809,39536,37420,89960,80859,77774,1.0125e+05,82903,96623,75725,91589,79826,98393,97501,92409,1.0759e+05,86651,99314,85767,95758,1.0435e+05,93230,1.0651e+05,78794,1.087e+05,90773,1.0543e+05,94057,83895,76754,1.0027e+05,89143,1.033e+05,87496,81892,1.0226e+05,94904,88322
89381,77334,70868,69923,88309,80688,92747,90474,83296,65977,66998,93954,87258,67991,79055,78209,76434,82395,95187,61407,68420,17284,51665,5006.5,0,29986,5238.4,30561,35757,10243,20839,9432.3,74134,40129,44860,53534,55436,58641,15236,32647,37627,42507,57164,41002,13496,25381,27177,47150,46298,62764,1.1767e+05,1.3753e+05,1.3479e+05,1.2138e+05,1.2624e+05,1.0896e+05,1.2599e+05,57090,86493,1.2212e+05,71686,48204,49020,38413,39352,92976,84200,81228,1.0397e+05,86172,99449,79275,94553,83203,1.0118e+05,1.0031e+05,95350,1.1021e+05,89780,1.0208e+05,88930,98605,1.0702e+05,96148,1.0914e+05,82207,1.1129e+05,93762,1.0808e+05,96951,87128,80254,1.0301e+05,92185,1.0598e+05,90594,85197,1.0496e+05,97773,91391
77126,62573,54386,53123,75863,66807,81134,78427,69955,47804,49180,82521,74635,50526,64739,63670,61432,68872,83892,41940,86051,15039,71403,26139,29986,0,33897,53794,58026,37806,11440,22388,91148,14595,21055,32162,34524,38527,41709,3970.4,11068,17899,76151,62368,18677,49676,4015.3,24083,66824,81049,1.3138e+05,1.4933e+05,1.4671e+05,1.3427e+05,1.394e+05,1.2307e+05,1.3852e+05,73244,1.0139e+05,1.3556e+05,87233,64429,37412,53095,40370,74806,63390,59253,87857,66024,82612,56380,76734,62031,84656,83630,77698,94829,70750,85698,69650,81602,91244,78662,93612,60648,96040,75772,92415,79630,67282,57836,86762,73826,90097,71803,64723,88970,80607,72822
91392,79708,73442,72523,90337,82934,94688,92465,85465,68722,69698,95869,89307,70649,81366,80551,78838,84588,97080,64345,65147,21750,47941,9848.8,5238.4,33897,0,26241,31594,5408.2,25157,14099,70990,43563,48206,56722,58563,61665,10571,36415,41147,45895,53582,36976,18053,20954,31211,50459,42432,59342,1.1534e+05,1.3531e+05,1.3252e+05,1.1893e+05,1.2398e+05,1.0654e+05,1.2359e+05,54677,83933,1.1983e+05,69084,46096,52230,37295,41436,96041,87556,84672,1.0675e+05,89464,1.0234e+05,82787,97573,86588,1.0402e+05,1.0317e+05,98346,1.1287e+05,92950,1.049e+05,92130,1.0151e+05,1.0974e+05,99119,1.1183e+05,85622,1.1394e+05,96804,1.1078e+05,99900,90390,83729,1.0581e+05,95276,1.0872e+05,93736,88521,1.0772e+05,1.007e+05,94508
1.0269e+05,92905,87697,86925,1.0174e+05,95497,1.0567e+05,1.0366e+05,97570,83694,84515,1.0674e+05,1.0083e+05,85329,94233,93586,92197,96846,1.0786e+05,80141,44238,44303,24960,34508,30561,53794,26241,0,6343.2,21664,46976,38098,50727,62153,66350,73876,75418,77988,16821,55833,60002,64267,31329,12507,41343,6159.8,51676,68368,18707,37784,1.0003e+05,1.2063e+05,1.1751e+05,1.0277e+05,1.0926e+05,90496,1.0775e+05,39353,66536,1.0485e+05,51829,34144,68612,34670,53546,1.1124e+05,1.0391e+05,1.0134e+05,1.2077e+05,1.0556e+05,1.1681e+05,99629,1.1259e+05,1.0305e+05,1.1832e+05,1.1756e+05,1.1327e+05,1.2641e+05,1.0856e+05,1.1911e+05,1.0786e+05,1.1609e+05,1.2349e+05,1.1396e+05,1.2543e+05,1.0219e+05,1.274e+05,1.1191e+05,1.2445e+05,1.1466e+05,1.0636e+05,1.0048e+05,1.1992e+05,1.1057e+05,1.2255e+05,1.0924e+05,1.0474e+05,1.2165e+05,1.1537e+05,1.099e+05
1.0524e+05,95851,90860,90110,1.0432e+05,98312,1.0816e+05,1.0619e+05,1.003e+05,86997,87786,1.092e+05,1.0343e+05,88570,97108,96497,95180,99605,1.103e+05,83570,39157,48894,19402,39555,35757,58026,31594,6343.2,0,27139,51440,42989,45781,66168,70268,77580,79054,81511,22406,60004,64067,68238,25925,6598.1,46093,12045,55965,72243,13019,32547,96259,1.1724e+05,1.1403e+05,98923,1.0568e+05,86516,1.0404e+05,36092,62281,1.0118e+05,47673,32301,72109,35353,56473,1.1431e+05,1.0716e+05,1.0463e+05,1.2364e+05,1.0878e+05,1.1975e+05,1.0294e+05,1.1563e+05,1.0632e+05,1.2123e+05,1.2048e+05,1.163e+05,1.2917e+05,1.1169e+05,1.22e+05,1.1101e+05,1.1904e+05,1.263e+05,1.1697e+05,1.282e+05,1.0547e+05,1.3014e+05,1.1497e+05,1.2724e+05,1.1765e+05,1.0956e+05,1.0379e+05,1.228e+05,1.1365e+05,1.2538e+05,1.1235e+05,1.0798e+05,1.245e+05,1.1834e+05,1.13e+05
93481,82162,76105,75215,92445,85263,96709,94531,87711,71536,72471,97864,91435,73391,83755,82972,81324,86865,99055,67352,61554,26228,43907,14678,10243,37806,5408.2,21664,27139,0,29475,18831,67542,47084,51647,59981,61757,64769,5568,40166,44727,49373,49686,32672,22677,16277,35262,53866,38257,55586,1.1279e+05,1.3278e+05,1.2992e+05,1.1619e+05,1.215e+05,1.0389e+05,1.209e+05,51987,81060,1.1732e+05,66171,43763,55424,36195,43580,99090,90871,88063,1.0954e+05,92720,1.0522e+05,86227,1.0058e+05,89928,1.0687e+05,1.0604e+05,1.0133e+05,1.1555e+05,96094,1.0773e+05,95300,1.0442e+05,1.1247e+05,1.0208e+05,1.1452e+05,88988,1.166e+05,99833,1.135e+05,1.0285e+05,93618,87144,1.0862e+05,98347,1.1147e+05,96854,91807,1.1049e+05,1.0363e+05,97603
81046,67352,59899,58759,79860,71276,84808,82262,74261,53922,55170,86135,78696,56390,69360,68366,66304,73230,87495,48496,80660,4343.8,65459,16586,20839,11440,25157,46976,51440,29475,0,12455,85948,24005,29773,39576,41696,45304,33813,14708,20872,26940,70391,55994,8415.2,42565,7980.6,32468,60668,75465,1.2676e+05,1.4564e+05,1.43e+05,1.3032e+05,1.3499e+05,1.1827e+05,1.3466e+05,66843,96042,1.3104e+05,81419,57572,36416,45585,34648,79751,69226,65536,92204,71620,87171,63004,81579,68003,89118,88138,82491,98959,75951,90117,74934,86213,95501,83408,97793,66772,1.0013e+05,80668,96636,84328,72766,64281,91145,78823,94383,76930,70435,93283,85263,77883
85683,72946,66112,65104,84563,76537,89195,86823,79309,60810,61926,90448,83461,63010,74783,73877,71985,78355,91742,55890,73995,8699.2,58023,4781.2,9432.3,22388,14099,38098,42989,18831,12455,0,79492,33550,38568,47540,49541,52943,23603,25283,30788,36099,63227,47930,4600.8,33244,19318,40958,52940,68567,1.2172e+05,1.4123e+05,1.3853e+05,1.2555e+05,1.3016e+05,1.1315e+05,1.3001e+05,61277,90777,1.2611e+05,76021,52000,42748,40747,35782,87070,77623,74400,98671,79745,93937,72241,88753,76549,95753,94837,89599,1.0512e+05,83638,96693,82720,93049,1.0183e+05,90445,1.0402e+05,75471,1.0625e+05,87911,1.0292e+05,91297,80772,73324,97667,86227,1.0076e+05,84520,78695,99702,92168,85378
1.2693e+05,1.204e+05,1.1693e+05,1.1636e+05,1.262e+05,1.2203e+05,1.2936e+05,1.277e+05,1.2333e+05,1.1398e+05,1.1459e+05,1.3023e+05,1.2552e+05,1.152e+05,1.2122e+05,1.2082e+05,1.1995e+05,1.2288e+05,1.3113e+05,1.1133e+05,8182.1,83971,28723,76947,74134,91148,70990,50727,45781,67542,85948,79492,0,97845,1.0112e+05,1.0679e+05,1.0789e+05,1.0974e+05,63802,92766,96128,99504,22269,40478,81819,55370,89512,1.0267e+05,34815,15547,65639,89330,85306,65960,76127,55577,72552,36632,36207,71136,31395,44203,1.0059e+05,57919,84814,1.3717e+05,1.3131e+05,1.2913e+05,1.4479e+05,1.3268e+05,1.4152e+05,1.2763e+05,1.3819e+05,1.3059e+05,1.4277e+05,1.4213e+05,1.3871e+05,1.4962e+05,1.3508e+05,1.4342e+05,1.3452e+05,1.4092e+05,1.4704e+05,1.3924e+05,1.4874e+05,1.2987e+05,1.5053e+05,1.3768e+05,1.4787e+05,1.3979e+05,1.3332e+05,1.2838e+05,1.4409e+05,1.3665e+05,1.4625e+05,1.3561e+05,1.32e+05,1.455e+05,1.4035e+05,1.3613e+05
72430,56548,47297,45868,71077,61333,76631,73814,64729,39967,41470,78006,69751,42958,59013,57809,55236,63566,79365,33282,92982,27133,78971,36786,40129,14595,43563,62153,66168,47084,24005,33550,97845,0,8026.7,21343,24188,29155,50696,11318,4239,4278.2,83516,70305,30323,58237,17738,11649,74579,88204,1.3785e+05,1.5463e+05,1.5202e+05,1.3977e+05,1.4552e+05,1.2987e+05,1.4395e+05,82910,1.0925e+05,1.4186e+05,95886,74868,47455,64614,52735,71464,59245,54799,84730,62095,79409,51749,73426,57773,81498,80452,74402,91825,67194,82549,66017,78374,88181,75376,90596,56281,93025,72448,89377,76360,63466,53295,83624,70449,87005,68314,60686,85857,77360,69396
69539,52695,42876,41377,68131,57877,73785,70956,61482,35216,36803,75165,66739,38353,55371,54061,51293,60268,76498,27885,96376,32666,82769,41634,44860,21055,48206,66350,70268,51647,29773,38568,1.0112e+05,8026.7,0,14677,17797,23299,55187,18075,11605,4105.5,87189,74310,35585,62532,23949,4091.9,78480,91733,1.4086e+05,1.5723e+05,1.5462e+05,1.4249e+05,1.4837e+05,1.3306e+05,1.4664e+05,87422,1.1292e+05,1.448e+05,99976,79710,52827,69913,58374,69987,57397,52902,83322,60309,77976,49822,71982,55906,80079,79023,72962,90442,65594,81139,64368,76937,86789,73938,89226,54398,91635,70991,88000,74921,61723,51383,82215,68946,85605,66752,58864,84450,75922,67870
62734,44158,33710,32104,61247,49911,67102,64207,53962,25133,26983,68522,59753,28765,47110,45658,42629,52614,69894,16159,1.0223e+05,42110,89314,50452,53534,32162,56722,73876,77580,59981,39576,47540,1.0679e+05,21343,14677,0,3837.8,10488,63312,29680,24332,18034,93476,81382,44764,70261,34631,11163,85295,97793,1.4557e+05,1.6145e+05,1.5889e+05,1.4697e+05,1.5286e+05,1.3797e+05,1.5103e+05,94019,1.1842e+05,1.4938e+05,1.0598e+05,86643,60173,77271,65845,65659,52091,47384,79473,55161,74018,44363,67800,50509,76163,75087,68842,86645,60837,77249,59501,72960,83007,69870,85448,48926,87827,66744,84232,70892,56656,45861,78349,64522,81800,62104,53642,80621,71919,63332
61027,42061,31437,29778,59522,47926,65414,62508,52079,22514,24446,66839,58000,26308,45071,43589,40504,50701,68222,13007,1.0338e+05,44184,90602,52408,55436,34524,58563,75418,79054,61757,41696,49541,1.0789e+05,24188,17797,3837.8,0,7075,65035,32148,27055,21021,94719,82793,46798,71868,36899,14441,86642,98991,1.4642e+05,1.6224e+05,1.5969e+05,1.4781e+05,1.5367e+05,1.3886e+05,1.5186e+05,95170,1.1939e+05,1.5022e+05,1.0703e+05,87871,61461,78565,67159,64327,50471,45743,78355,53609,72851,42803,66527,48861,75017,73932,67594,85548,59391,76112,58027,71781,81907,68640,84349,47274,86729,65444,83133,69683,55133,44248,77221,63160,80696,60684,52058,79511,70728,61938
57665,37949,26930,25160,56121,44042,62130,59179,48382,17199,19385,63568,54553,21421,41071,39529,36356,46942,64967,6614,1.0531e+05,47723,92766,55719,58641,38527,61665,77988,81511,64769,45304,52943,1.0974e+05,29155,23299,10488,7075,0,67954,36354,31736,26269,96806,85135,50278,74554,40732,20234,88882,1.0099e+05,1.4781e+05,1.6353e+05,1.61e+05,1.4923e+05,1.5499e+05,1.403e+05,1.5324e+05,97081,1.2101e+05,1.5157e+05,1.0878e+05,89924,63719,80786,69467,61448,47002,42368,75983,50267,70351,39733,63758,45384,72575,71462,64880,83226,56290,73695,54879,69248,79576,65980,82022,43826,84407,62621,80799,67069,51863,40997,74829,60223,78357,57640,48641,77157,68156,58945
95646,84699,78854,77997,94634,87684,98811,96673,90031,74424,75332,99944,93646,76228,86226,85476,83895,89221,1.0112e+05,70424,57653,30709,39607,19569,15236,41709,10571,16821,22406,5568,33813,23603,63802,50696,55187,63312,65035,67954,0,43957,48392,52953,45509,28090,27316,11293,39315,57360,33826,51542,1.0999e+05,1.2994e+05,1.2703e+05,1.1317e+05,1.1877e+05,1.0095e+05,1.1792e+05,49091,77875,1.1456e+05,63003,41314,58641,35294,45854,1.0212e+05,94143,91399,1.1233e+05,95942,1.0811e+05,89604,1.0357e+05,93222,1.0972e+05,1.089e+05,1.0431e+05,1.1823e+05,99214,1.1056e+05,98444,1.0732e+05,1.152e+05,1.0504e+05,1.1722e+05,92305,1.1927e+05,1.0285e+05,1.1621e+05,1.0579e+05,96813,90501,1.1143e+05,1.014e+05,1.1421e+05,99953,95054,1.1326e+05,1.0655e+05,1.0068e+05
75944,61105,52658,51359,74659,65453,80023,77267,68657,45880,47290,81418,73406,48681,63330,62238,59923,67556,82775,39900,87720,18179,73220,28918,32647,3970.4,36415,55833,60004,40166,14708,25283,92766,11318,18075,29680,32148,36354,43957,0,7619.6,14780,77921,64280,21695,51766,7639.2,21252,68682,82769,1.3297e+05,1.5059e+05,1.4797e+05,1.3559e+05,1.4091e+05,1.2475e+05,1.3981e+05,75591,1.0331e+05,1.3712e+05,89336,66954,39288,55888,43206,73661,62000,57739,86830,64704,81544,54785,75609,60603,83607,82571,76579,93847,69542,84656,68417,80526,90241,77551,92624,59176,95066,74639,91419,78532,65995,56281,85728,72669,89087,70616,63367,87950,79520,71652
73659,58163,49205,47819,72328,62783,77835,75026,66117,42061,43529,79219,71032,44984,60542,59378,56900,64975,80569,35668,91201,24111,77010,34173,37627,11068,41147,60002,64067,44727,20872,30788,96128,4239,11605,24332,27055,31736,48392,7619.6,0,7999.6,81610,68249,27412,56035,14363,15091,72564,86354,1.3624e+05,1.5329e+05,1.5066e+05,1.3837e+05,1.4399e+05,1.2818e+05,1.4255e+05,80470,1.0727e+05,1.4029e+05,93696,72233,44508,61711,49534,72068,60008,55588,85335,62825,80018,52551,74032,58553,82098,81055,75009,92412,67844,83152,66684,78986,88777,75985,91183,57070,93622,73052,89969,76969,64171,54089,84229,71062,87608,68953,61432,86461,77968,70024
71041,54706,45155,43687,69663,59687,75262,72440,63173,37650,39193,76638,68306,40713,57282,56024,53348,61991,77981,30629,94704,29963,80892,39234,42507,17899,45895,64267,68238,49373,26940,36099,99504,4278.2,4105.5,18034,21021,26269,52953,14780,7999.6,0,85382,72326,33013,60402,20913,7898,76546,89996,1.3939e+05,1.5595e+05,1.5334e+05,1.4115e+05,1.4698e+05,1.315e+05,1.4532e+05,85232,1.1113e+05,1.4336e+05,97985,77369,50277,67367,55717,70770,58372,53907,84063,61256,78732,50842,72746,56891,80829,79778,73720,91173,66446,81884,65245,77694,87523,74695,89951,55395,92370,71764,88728,75679,62647,52395,82958,69741,86344,67582,59828,85191,76679,68679
1.1673e+05,1.0896e+05,1.0486e+05,1.042e+05,1.1592e+05,1.1093e+05,1.1938e+05,1.1758e+05,1.1254e+05,1.0151e+05,1.0219e+05,1.2033e+05,1.1516e+05,1.0288e+05,1.0995e+05,1.0947e+05,1.0842e+05,1.1198e+05,1.2133e+05,98572,15055,68197,7553.3,60361,57164,76151,53582,31329,25925,49686,70391,63227,22269,83516,87189,93476,94719,96806,45509,77921,81610,85382,0,20196,65820,36383,74338,88920,14162,7750.8,79221,1.0245e+05,98798,81275,89425,68934,87245,29867,44853,84526,33077,33436,87345,44594,70872,1.2686e+05,1.2044e+05,1.1808e+05,1.3527e+05,1.2193e+05,1.3171e+05,1.1649e+05,1.2802e+05,1.1966e+05,1.3307e+05,1.3238e+05,1.2861e+05,1.4035e+05,1.2453e+05,1.3377e+05,1.2392e+05,1.3107e+05,1.377e+05,1.2921e+05,1.3944e+05,1.1887e+05,1.4127e+05,1.2744e+05,1.3856e+05,1.2982e+05,1.2263e+05,1.1729e+05,1.345e+05,1.2628e+05,1.3687e+05,1.2512e+05,1.212e+05,1.3606e+05,1.3044e+05,1.257e+05
1.079e+05,98918,94145,93419,1.0701e+05,1.0125e+05,1.1077e+05,1.0883e+05,1.0315e+05,90417,91178,1.1179e+05,1.0616e+05,91932,1.001e+05,99526,98281,1.0249e+05,1.1286e+05,87119,33735,53558,13495,44640,41002,62368,36976,12507,6598.1,32672,55994,47930,40478,70305,74310,81382,82793,85135,28090,64280,68249,72326,20196,0,50887,18009,60375,76236,6875.9,26977,92263,1.1373e+05,1.1045e+05,94880,1.0192e+05,82344,1.0015e+05,33248,57898,97309,43512,31129,75697,36610,59630,1.1738e+05,1.104e+05,1.0792e+05,1.2649e+05,1.1199e+05,1.2268e+05,1.0626e+05,1.1867e+05,1.0958e+05,1.2412e+05,1.2339e+05,1.1932e+05,1.3191e+05,1.1483e+05,1.2488e+05,1.1416e+05,1.2199e+05,1.291e+05,1.1997e+05,1.3095e+05,1.0875e+05,1.3286e+05,1.1802e+05,1.3002e+05,1.2063e+05,1.1275e+05,1.0709e+05,1.2566e+05,1.1674e+05,1.282e+05,1.1547e+05,1.1121e+05,1.2733e+05,1.2131e+05,1.161e+05
84034,70968,63945,62893,82891,74674,87631,85202,77525,58411,59573,88909,81771,60707,72867,71929,69977,76544,90227,53322,76392,4466.7,60717,9031.8,13496,18677,18053,41343,46093,22677,8415.2,4600.8,81819,30323,35585,44764,46798,50278,27316,21695,27412,33013,65820,50887,0,36639,15483,38047,55760,71063,1.2351e+05,1.4284e+05,1.4016e+05,1.2731e+05,1.3188e+05,1.1497e+05,1.317e+05,63167,92628,1.2786e+05,77899,53797,39964,42074,34598,84363,74557,71176,96268,76763,91427,68905,86095,73434,93288,92350,86967,1.0283e+05,80804,94250,79852,90514,99482,87839,1.0171e+05,72303,1.0398e+05,85227,1.0059e+05,88715,77829,70047,95244,83494,98393,81719,75672,97318,89608,82613
1.0024e+05,90064,84647,83848,99275,92793,1.0329e+05,1.0123e+05,94950,80498,81351,1.0438e+05,98336,82193,91466,90781,89322,94200,1.0552e+05,76815,48974,39734,30170,29491,25381,49676,20954,6159.8,12045,16277,42565,33244,55370,58237,62532,70261,71868,74554,11293,51766,56035,60402,36383,18009,36639,0,47491,64602,24066,42668,1.0359e+05,1.2385e+05,1.2082e+05,1.0645e+05,1.1262e+05,94238,1.1131e+05,42701,70595,1.0832e+05,55826,36371,65225,34466,50815,1.0818e+05,1.0065e+05,98032,1.1793e+05,1.0235e+05,1.1389e+05,96301,1.0957e+05,99779,1.1544e+05,1.1465e+05,1.1026e+05,1.2366e+05,1.0544e+05,1.1624e+05,1.0471e+05,1.1315e+05,1.207e+05,1.1096e+05,1.2267e+05,98903,1.2466e+05,1.0887e+05,1.2168e+05,1.1168e+05,1.0317e+05,97166,1.1707e+05,1.075e+05,1.1975e+05,1.0613e+05,1.0151e+05,1.1883e+05,1.1241e+05,1.0681e+05
78376,64099,56170,54944,77135,68228,82300,79650,71326,49792,51118,83668,75928,52419,66215,65173,62994,70257,85055,44052,84359,11720,69540,23209,27177,4015.3,31211,51676,55965,35262,7980.6,19318,89512,17738,23949,34631,36899,40732,39315,7639.2,14363,20913,74338,60375,15483,47491,0,26871,64905,79295,1.2982e+05,1.4813e+05,1.4549e+05,1.3298e+05,1.3791e+05,1.2143e+05,1.3726e+05,70987,99540,1.3404e+05,85205,62012,36242,50405,37898,76208,65074,61074,89097,67628,83911,58305,78114,63756,85929,84915,79065,96007,72230,86957,71156,82916,92455,80015,94802,62418,97204,77163,93615,80967,68850,59709,88011,75244,91317,73261,66364,90198,81931,74260
67908,50568,40563,39046,66469,55922,72196,69348,59652,32755,34397,73587,65045,35989,53324,51971,49131,58400,74918,25082,97980,35230,84569,43972,47150,24083,50459,68368,72243,53866,32468,40958,1.0267e+05,11649,4091.9,11163,14441,20234,57360,21252,15091,7898,88920,76236,38047,64602,26871,0,80350,93398,1.4224e+05,1.5844e+05,1.5584e+05,1.4376e+05,1.4969e+05,1.345e+05,1.4788e+05,89404,1.1456e+05,1.4614e+05,1.0179e+05,81796,55071,72153,60671,69080,56284,51754,82484,59221,77120,48657,71100,54777,79228,78170,72090,89617,64602,80294,63348,76078,85965,73073,88405,53260,90808,70098,87180,74059,60655,50222,81376,68024,84777,65783,57765,83618,75061,66925
1.107e+05,1.0212e+05,97565,96863,1.0983e+05,1.0433e+05,1.1351e+05,1.116e+05,1.0614e+05,93968,94704,1.1451e+05,1.0902e+05,95433,1.0323e+05,1.0269e+05,1.0152e+05,1.055e+05,1.1555e+05,90800,27932,58316,7191.8,49787,46298,66824,42432,18707,13019,38257,60668,52940,34815,74579,78480,85295,86642,88882,33826,68682,72564,76546,14162,6875.9,55760,24066,64905,80350,0,21039,88067,1.1019e+05,1.0678e+05,90596,97947,77999,96070,31087,53448,93227,39512,30880,79411,38574,63054,1.2047e+05,1.1369e+05,1.1124e+05,1.2936e+05,1.1524e+05,1.2563e+05,1.0961e+05,1.2172e+05,1.1288e+05,1.2703e+05,1.2632e+05,1.2235e+05,1.3467e+05,1.1799e+05,1.2778e+05,1.1735e+05,1.2495e+05,1.3192e+05,1.2298e+05,1.3373e+05,1.1206e+05,1.3562e+05,1.2109e+05,1.3282e+05,1.2363e+05,1.1598e+05,1.1043e+05,1.2855e+05,1.1985e+05,1.3105e+05,1.1861e+05,1.1447e+05,1.3019e+05,1.2429e+05,1.1923e+05
1.1999e+05,1.1263e+05,1.0875e+05,1.0812e+05,1.1921e+05,1.1449e+05,1.2256e+05,1.2081e+05,1.1599e+05,1.0553e+05,1.0619e+05,1.2348e+05,1.1847e+05,1.0685e+05,1.1356e+05,1.1311e+05,1.1212e+05,1.1547e+05,1.2446e+05,1.027e+05,7978.7,73348,14667,65814,62764,81049,59342,37784,32547,55586,75465,68567,15547,88204,91733,97793,98991,1.0099e+05,51542,82769,86354,89996,7750.8,26977,71063,42668,79295,93398,21039,0,74689,98057,94319,76364,84972,64374,82535,31068,41129,80023,31258,36248,91615,48578,75293,1.3017e+05,1.2394e+05,1.2163e+05,1.3832e+05,1.2539e+05,1.3486e+05,1.2007e+05,1.3128e+05,1.2318e+05,1.3618e+05,1.3551e+05,1.3185e+05,1.4331e+05,1.2793e+05,1.3687e+05,1.2733e+05,1.3423e+05,1.4069e+05,1.3242e+05,1.424e+05,1.2241e+05,1.4422e+05,1.3073e+05,1.4153e+05,1.3302e+05,1.2607e+05,1.2085e+05,1.3758e+05,1.2961e+05,1.3987e+05,1.285e+05,1.2468e+05,1.3908e+05,1.3362e+05,1.2905e+05
1.5701e+05,1.5506e+05,1.5302e+05,1.5261e+05,1.569e+05,1.5578e+05,1.576e+05,1.5713e+05,1.5621e+05,1.5088e+05,1.5133e+05,1.582e+05,1.5677e+05,1.5176e+05,1.5546e+05,1.5527e+05,1.5484e+05,1.5606e+05,1.5909e+05,1.4895e+05,70126,1.2517e+05,83708,1.1978e+05,1.1767e+05,1.3138e+05,1.1534e+05,1.0003e+05,96259,1.1279e+05,1.2676e+05,1.2172e+05,65639,1.3785e+05,1.4086e+05,1.4557e+05,1.4642e+05,1.4781e+05,1.0999e+05,1.3297e+05,1.3624e+05,1.3939e+05,79221,92263,1.2351e+05,1.0359e+05,1.2982e+05,1.4224e+05,88067,74689,0,59192,56856,45082,22290,19065,47965,75227,46759,12363,60672,85189,1.3634e+05,1.0012e+05,1.2389e+05,1.6776e+05,1.6296e+05,1.6121e+05,1.7351e+05,1.6405e+05,1.7121e+05,1.5998e+05,1.6863e+05,1.624e+05,1.7211e+05,1.7166e+05,1.6905e+05,1.7646e+05,1.66e+05,1.7256e+05,1.6553e+05,1.7077e+05,1.7496e+05,1.6948e+05,1.7596e+05,1.6181e+05,1.7708e+05,1.682e+05,1.7546e+05,1.699e+05,1.6456e+05,1.606e+05,1.7303e+05,1.6732e+05,1.7447e+05,1.6645e+05,1.6351e+05,1.7399e+05,1.7034e+05,1.6688e+05
1.7225e+05,1.7025e+05,1.6836e+05,1.68e+05,1.7199e+05,1.7084e+05,1.7344e+05,1.7256e+05,1.711e+05,1.6636e+05,1.668e+05,1.7404e+05,1.7177e+05,1.6723e+05,1.7057e+05,1.7042e+05,1.7005e+05,1.7099e+05,1.7476e+05,1.6455e+05,93572,1.443e+05,1.0651e+05,1.3947e+05,1.3753e+05,1.4933e+05,1.3531e+05,1.2063e+05,1.1724e+05,1.3278e+05,1.4564e+05,1.4123e+05,89330,1.5463e+05,1.5723e+05,1.6145e+05,1.6224e+05,1.6353e+05,1.2994e+05,1.5059e+05,1.5329e+05,1.5595e+05,1.0245e+05,1.1373e+05,1.4284e+05,1.2385e+05,1.4813e+05,1.5844e+05,1.1019e+05,98057,59192,0,11934,45733,56658,62854,38737,1.006e+05,79000,58148,88970,1.0828e+05,1.5446e+05,1.2126e+05,1.4382e+05,1.8262e+05,1.7827e+05,1.7665e+05,1.8765e+05,1.7927e+05,1.8582e+05,1.7554e+05,1.8342e+05,1.7774e+05,1.8648e+05,1.8615e+05,1.8385e+05,1.9124e+05,1.8108e+05,1.8681e+05,1.8066e+05,1.8546e+05,1.8922e+05,1.8428e+05,1.9053e+05,1.772e+05,1.9197e+05,1.8301e+05,1.8985e+05,1.847e+05,1.7975e+05,1.761e+05,1.8721e+05,1.8223e+05,1.8865e+05,1.8147e+05,1.7878e+05,1.8814e+05,1.8509e+05,1.8185e+05
1.701e+05,1.6783e+05,1.6591e+05,1.6555e+05,1.6979e+05,1.6844e+05,1.7138e+05,1.7046e+05,1.6875e+05,1.6387e+05,1.6432e+05,1.7199e+05,1.6952e+05,1.6475e+05,1.6817e+05,1.6801e+05,1.6763e+05,1.6863e+05,1.7273e+05,1.6205e+05,89738,1.4164e+05,1.0295e+05,1.3677e+05,1.3479e+05,1.4671e+05,1.3252e+05,1.1751e+05,1.1403e+05,1.2992e+05,1.43e+05,1.3853e+05,85306,1.5202e+05,1.5462e+05,1.5889e+05,1.5969e+05,1.61e+05,1.2703e+05,1.4797e+05,1.5066e+05,1.5334e+05,98798,1.1045e+05,1.4016e+05,1.2082e+05,1.4549e+05,1.5584e+05,1.0678e+05,94319,56856,11934,0,39257,54577,60394,31256,97293,75584,55888,85631,1.051e+05,1.5197e+05,1.1826e+05,1.412e+05,1.8045e+05,1.7607e+05,1.7443e+05,1.8553e+05,1.7708e+05,1.8367e+05,1.733e+05,1.8126e+05,1.7553e+05,1.8434e+05,1.8401e+05,1.8169e+05,1.8928e+05,1.7889e+05,1.8468e+05,1.7847e+05,1.8331e+05,1.8719e+05,1.8212e+05,1.8855e+05,1.7498e+05,1.9002e+05,1.8084e+05,1.8784e+05,1.8254e+05,1.7756e+05,1.7387e+05,1.8508e+05,1.8006e+05,1.8659e+05,1.7929e+05,1.7658e+05,1.8603e+05,1.8293e+05,1.7967e+05
1.5982e+05,1.5666e+05,1.545e+05,1.5409e+05,1.594e+05,1.574e+05,1.614e+05,1.6028e+05,1.5795e+05,1.5233e+05,1.5278e+05,1.6209e+05,1.5903e+05,1.5323e+05,1.5705e+05,1.5686e+05,1.5643e+05,1.5775e+05,1.6291e+05,1.5039e+05,71263,1.2888e+05,86049,1.2358e+05,1.2138e+05,1.3427e+05,1.1893e+05,1.0277e+05,98923,1.1619e+05,1.3032e+05,1.2555e+05,65960,1.3977e+05,1.4249e+05,1.4697e+05,1.4781e+05,1.4923e+05,1.1317e+05,1.3559e+05,1.3837e+05,1.4115e+05,81275,94880,1.2731e+05,1.0645e+05,1.3298e+05,1.4376e+05,90596,76364,45082,45733,39257,0,46033,46763,15153,81370,59032,45447,69596,90056,1.4024e+05,1.0427e+05,1.2843e+05,1.703e+05,1.6566e+05,1.6391e+05,1.7579e+05,1.6673e+05,1.7353e+05,1.6269e+05,1.7113e+05,1.6508e+05,1.7435e+05,1.7393e+05,1.7154e+05,1.7985e+05,1.6859e+05,1.7479e+05,1.6816e+05,1.7313e+05,1.7763e+05,1.7195e+05,1.7908e+05,1.645e+05,1.8063e+05,1.7072e+05,1.7833e+05,1.7235e+05,1.6724e+05,1.633e+05,1.7527e+05,1.6987e+05,1.7696e+05,1.6901e+05,1.6621e+05,1.7635e+05,1.7274e+05,1.6944e+05
1.6372e+05,1.619e+05,1.5992e+05,1.5953e+05,1.6362e+05,1.626e+05,1.6393e+05,1.6379e+05,1.6298e+05,1.5792e+05,1.5834e+05,1.6404e+05,1.635e+05,1.5874e+05,1.6229e+05,1.621e+05,1.6169e+05,1.6286e+05,1.65e+05,1.5609e+05,80482,1.3347e+05,93768,1.2828e+05,1.2624e+05,1.394e+05,1.2398e+05,1.0926e+05,1.0568e+05,1.215e+05,1.3499e+05,1.3016e+05,76127,1.4552e+05,1.4837e+05,1.5286e+05,1.5367e+05,1.5499e+05,1.1877e+05,1.4091e+05,1.4399e+05,1.4698e+05,89425,1.0192e+05,1.3188e+05,1.1262e+05,1.3791e+05,1.4969e+05,97947,84972,22290,56658,54577,46033,0,35714,46990,86089,60590,13220,72950,95314,1.4439e+05,1.097e+05,1.3271e+05,1.7437e+05,1.6972e+05,1.6802e+05,1.7986e+05,1.708e+05,1.7766e+05,1.6686e+05,1.7519e+05,1.6916e+05,1.785e+05,1.7807e+05,1.756e+05,1.8276e+05,1.7267e+05,1.7894e+05,1.7223e+05,1.7725e+05,1.8129e+05,1.7602e+05,1.8227e+05,1.6859e+05,1.8324e+05,1.7478e+05,1.8178e+05,1.7643e+05,1.713e+05,1.6744e+05,1.7939e+05,1.7396e+05,1.808e+05,1.731e+05,1.7027e+05,1.8032e+05,1.7684e+05,1.7354e+05
1.5029e+05,1.4802e+05,1.459e+05,1.4547e+05,1.5006e+05,1.4876e+05,1.5169e+05,1.5062e+05,1.4922e+05,1.4362e+05,1.441e+05,1.5243e+05,1.4987e+05,1.4457e+05,1.4842e+05,1.4823e+05,1.4778e+05,1.4907e+05,1.5331e+05,1.4152e+05,59903,1.1666e+05,73500,1.1115e+05,1.0896e+05,1.2307e+05,1.0654e+05,90496,86516,1.0389e+05,1.1827e+05,1.1315e+05,55577,1.2987e+05,1.3306e+05,1.3797e+05,1.3886e+05,1.403e+05,1.0095e+05,1.2475e+05,1.2818e+05,1.315e+05,68934,82344,1.1497e+05,94238,1.2143e+05,1.345e+05,77999,64374,19065,62854,60394,46763,35714,0,50691,64236,32761,28084,48260,74828,1.2785e+05,90061,1.146e+05,1.6095e+05,1.5599e+05,1.5418e+05,1.6696e+05,1.571e+05,1.6458e+05,1.529e+05,1.6186e+05,1.5541e+05,1.6552e+05,1.6505e+05,1.6231e+05,1.7026e+05,1.5911e+05,1.6599e+05,1.5863e+05,1.6412e+05,1.6845e+05,1.6276e+05,1.6957e+05,1.548e+05,1.7103e+05,1.6141e+05,1.6898e+05,1.6321e+05,1.5763e+05,1.5355e+05,1.6647e+05,1.6049e+05,1.6795e+05,1.5957e+05,1.5656e+05,1.6745e+05,1.6367e+05,1.6003e+05
1.6331e+05,1.6045e+05,1.5839e+05,1.5799e+05,1.6293e+05,1.6113e+05,1.648e+05,1.6374e+05,1.616e+05,1.5627e+05,1.5672e+05,1.6545e+05,1.6258e+05,1.5715e+05,1.6082e+05,1.6064e+05,1.6024e+05,1.6144e+05,1.6622e+05,1.5437e+05,77592,1.3324e+05,91756,1.2813e+05,1.2599e+05,1.3852e+05,1.2359e+05,1.0775e+05,1.0404e+05,1.209e+05,1.3466e+05,1.3001e+05,72552,1.4395e+05,1.4664e+05,1.5103e+05,1.5186e+05,1.5324e+05,1.1792e+05,1.3981e+05,1.4255e+05,1.4532e+05,87245,1.0015e+05,1.317e+05,1.1131e+05,1.3726e+05,1.4788e+05,96070,82535,47965,38737,31256,15153,46990,50691,0,86684,64260,47552,74965,95072,1.442e+05,1.0898e+05,1.3282e+05,1.7375e+05,1.6921e+05,1.675e+05,1.7907e+05,1.7026e+05,1.7698e+05,1.663e+05,1.7458e+05,1.6865e+05,1.7774e+05,1.7735e+05,1.75e+05,1.8306e+05,1.7208e+05,1.7815e+05,1.7166e+05,1.766e+05,1.8088e+05,1.7541e+05,1.823e+05,1.6808e+05,1.8383e+05,1.7416e+05,1.8157e+05,1.7581e+05,1.7075e+05,1.669e+05,1.7859e+05,1.7334e+05,1.8022e+05,1.7251e+05,1.6975e+05,1.7961e+05,1.7621e+05,1.7292e+05
1.158e+05,1.0872e+05,1.0525e+05,1.0461e+05,1.1502e+05,1.104e+05,1.1846e+05,1.1664e+05,1.1183e+05,1.0182e+05,1.0253e+05,1.1943e+05,1.1428e+05,1.0323e+05,1.0957e+05,1.0915e+05,1.0828e+05,1.1132e+05,1.2042e+05,98778,33376,64988,29876,59254,57090,73244,54677,39353,36092,51987,66843,61277,36632,82910,87422,94019,95170,97081,49091,75591,80470,85232,29867,33248,63167,42701,70987,89404,31087,31068,75227,1.006e+05,97293,81370,86089,64236,86684,0,37359,80923,19325,12704,74330,29503,57088,1.2148e+05,1.1498e+05,1.1261e+05,1.2977e+05,1.1643e+05,1.2624e+05,1.1086e+05,1.2265e+05,1.1421e+05,1.2757e+05,1.269e+05,1.2323e+05,1.3504e+05,1.1906e+05,1.2827e+05,1.1843e+05,1.256e+05,1.3226e+05,1.238e+05,1.3408e+05,1.1342e+05,1.3602e+05,1.2207e+05,1.3316e+05,1.2439e+05,1.1712e+05,1.1175e+05,1.29e+05,1.2088e+05,1.314e+05,1.1967e+05,1.1572e+05,1.3057e+05,1.2499e+05,1.2027e+05
1.3449e+05,1.3011e+05,1.2762e+05,1.2712e+05,1.339e+05,1.3108e+05,1.367e+05,1.3515e+05,1.3184e+05,1.2489e+05,1.2546e+05,1.3759e+05,1.3337e+05,1.2603e+05,1.3063e+05,1.3038e+05,1.2983e+05,1.3156e+05,1.3851e+05,1.224e+05,38143,94362,49033,88745,86493,1.0139e+05,83933,66536,62281,81060,96042,90777,36207,1.0925e+05,1.1292e+05,1.1842e+05,1.1939e+05,1.2101e+05,77875,1.0331e+05,1.0727e+05,1.1113e+05,44853,57898,92628,70595,99540,1.1456e+05,53448,41129,46759,79000,75584,59032,60590,32761,64260,37359,0,54063,19588,48453,1.0504e+05,64256,89959,1.4356e+05,1.3808e+05,1.3605e+05,1.5033e+05,1.393e+05,1.4761e+05,1.3457e+05,1.4458e+05,1.3743e+05,1.4866e+05,1.4813e+05,1.4508e+05,1.5468e+05,1.415e+05,1.4919e+05,1.4097e+05,1.471e+05,1.523e+05,1.4558e+05,1.5384e+05,1.3675e+05,1.5556e+05,1.4407e+05,1.5305e+05,1.4608e+05,1.3987e+05,1.3532e+05,1.4975e+05,1.4304e+05,1.5161e+05,1.4201e+05,1.387e+05,1.5095e+05,1.4659e+05,1.4253e+05
1.6052e+05,1.5863e+05,1.5661e+05,1.5622e+05,1.6041e+05,1.5934e+05,1.6079e+05,1.606e+05,1.5974e+05,1.5455e+05,1.5498e+05,1.6115e+05,1.6029e+05,1.554e+05,1.5902e+05,1.5883e+05,1.5841e+05,1.5961e+05,1.6205e+05,1.5268e+05,75537,1.2949e+05,88942,1.242e+05,1.2212e+05,1.3556e+05,1.1983e+05,1.0485e+05,1.0118e+05,1.1732e+05,1.3104e+05,1.2611e+05,71136,1.4186e+05,1.448e+05,1.4938e+05,1.5022e+05,1.5157e+05,1.1456e+05,1.3712e+05,1.4029e+05,1.4336e+05,84526,97309,1.2786e+05,1.0832e+05,1.3404e+05,1.4614e+05,93227,80023,12363,58148,55888,45447,13220,28084,47552,80923,54063,0,67123,90482,1.4056e+05,1.0516e+05,1.2851e+05,1.7121e+05,1.6648e+05,1.6476e+05,1.7682e+05,1.6757e+05,1.7457e+05,1.6356e+05,1.7204e+05,1.6592e+05,1.7544e+05,1.75e+05,1.7246e+05,1.7973e+05,1.6947e+05,1.7588e+05,1.6902e+05,1.7415e+05,1.7826e+05,1.7288e+05,1.7924e+05,1.6534e+05,1.8022e+05,1.7162e+05,1.7875e+05,1.733e+05,1.6808e+05,1.6417e+05,1.7635e+05,1.7078e+05,1.7777e+05,1.6991e+05,1.6703e+05,1.7729e+05,1.7372e+05,1.7035e+05
1.2479e+05,1.1905e+05,1.1611e+05,1.1554e+05,1.2408e+05,1.2032e+05,1.2725e+05,1.2556e+05,1.214e+05,1.1304e+05,1.1368e+05,1.2817e+05,1.2344e+05,1.1432e+05,1.197e+05,1.1938e+05,1.187e+05,1.2101e+05,1.2913e+05,1.1031e+05,30668,79669,35921,73963,71686,87233,69084,51829,47673,66171,81419,76021,31395,95886,99976,1.0598e+05,1.0703e+05,1.0878e+05,63003,89336,93696,97985,33077,43512,77899,55826,85205,1.0179e+05,39512,31258,60672,88970,85631,69596,72950,48260,74965,19325,19588,67123,0,30919,89800,46887,73575,1.325e+05,1.2653e+05,1.2433e+05,1.3999e+05,1.2787e+05,1.3684e+05,1.2273e+05,1.3357e+05,1.2582e+05,1.3802e+05,1.3742e+05,1.341e+05,1.4482e+05,1.3028e+05,1.3865e+05,1.2971e+05,1.3627e+05,1.4224e+05,1.3463e+05,1.4393e+05,1.2509e+05,1.4575e+05,1.3304e+05,1.4306e+05,1.3517e+05,1.285e+05,1.2354e+05,1.393e+05,1.3195e+05,1.4146e+05,1.3084e+05,1.2721e+05,1.4071e+05,1.3571e+05,1.3139e+05
1.1048e+05,1.0256e+05,98708,98016,1.0965e+05,1.0451e+05,1.1324e+05,1.1136e+05,1.0614e+05,94982,95755,1.1423e+05,1.0886e+05,96527,1.0353e+05,1.0305e+05,1.0206e+05,1.0557e+05,1.1525e+05,91741,39875,55615,31618,50136,48204,64429,46096,34144,32301,43763,57572,52000,44203,74868,79710,86643,87871,89924,41314,66954,72233,77369,33436,31129,53797,36371,62012,81796,30880,36248,85189,1.0828e+05,1.051e+05,90056,95314,74828,95072,12704,48453,90482,30919,0,64016,17863,46123,1.144e+05,1.0751e+05,1.05e+05,1.2325e+05,1.0905e+05,1.1951e+05,1.0315e+05,1.1565e+05,1.067e+05,1.2092e+05,1.202e+05,1.1627e+05,1.2875e+05,1.1181e+05,1.2166e+05,1.1115e+05,1.1884e+05,1.2587e+05,1.169e+05,1.2776e+05,1.0586e+05,1.2975e+05,1.1503e+05,1.268e+05,1.1753e+05,1.0977e+05,1.0409e+05,1.2244e+05,1.1375e+05,1.2496e+05,1.1246e+05,1.0829e+05,1.2409e+05,1.1818e+05,1.131e+05
91541,80689,75013,74052,90608,83717,94357,92476,86126,69897,70942,95284,89679,72004,82205,81451,79910,85303,96183,65834,96040,37773,83275,45809,49020,37412,52230,68612,72109,55424,36416,42748,1.0059e+05,47455,52827,60173,61461,63719,58641,39288,44508,50277,87345,75697,39964,65225,36242,55071,79411,91615,1.3634e+05,1.5446e+05,1.5197e+05,1.4024e+05,1.4439e+05,1.2785e+05,1.442e+05,74330,1.0504e+05,1.4056e+05,89800,64016,0,49100,21426,78568,68337,64490,91143,70607,86105,61609,80423,67111,88073,87085,81357,97520,74730,89078,73741,85134,94324,82289,96454,65824,98589,79497,95392,83224,71687,63091,90100,77624,93258,75696,69499,92196,84175,76663
1.0396e+05,94907,90512,89738,1.0306e+05,97228,1.0689e+05,1.049e+05,99137,86366,87213,1.0792e+05,1.0219e+05,88072,96071,95496,94316,98472,1.0895e+05,82807,53050,43643,41236,39536,38413,53095,37295,34670,35353,36195,45585,40747,57919,64614,69913,77271,78565,80786,35294,55888,61711,67367,44594,36610,42074,34466,50405,72153,38574,48578,1.0012e+05,1.2126e+05,1.1826e+05,1.0427e+05,1.097e+05,90061,1.0898e+05,29503,64256,1.0516e+05,46887,17863,49100,0,30220,1.0469e+05,97170,94439,1.1443e+05,98833,1.1038e+05,92455,1.0606e+05,96282,1.1192e+05,1.1114e+05,1.0675e+05,1.2023e+05,1.0186e+05,1.1273e+05,1.0113e+05,1.0963e+05,1.172e+05,1.0746e+05,1.1919e+05,95370,1.2128e+05,1.0537e+05,1.1818e+05,1.0817e+05,99619,93466,1.1356e+05,1.0398e+05,1.1625e+05,1.0256e+05,98022,1.1533e+05,1.0889e+05,1.0327e+05
96057,85561,80389,79505,95084,88360,99011,97039,90634,75610,76602,99976,94131,77603,86959,86265,84845,89849,1.0093e+05,71622,79957,34146,66788,37420,39352,40370,41436,53546,56473,43580,34648,35782,84814,52735,58374,65845,67159,69467,45854,43206,49534,55717,70872,59630,34598,50815,37898,60671,63054,75293,1.2389e+05,1.4382e+05,1.412e+05,1.2843e+05,1.3271e+05,1.146e+05,1.3282e+05,57088,89959,1.2851e+05,73575,46123,21426,30220,0,88843,79902,76661,1.0027e+05,81850,95592,74256,90492,78862,97400,96491,91321,1.0652e+05,85444,98331,84576,94709,1.0334e+05,92155,1.0546e+05,77776,1.0758e+05,89670,1.044e+05,92993,82783,75492,99288,88002,1.023e+05,86292,80896,1.0128e+05,93844,87144
43771,39337,46419,47742,43158,39235,45694,44395,40390,52944,51641,46364,42565,50354,38917,39019,39848,39969,47017,58562,1.336e+05,81923,1.2363e+05,89960,92976,74806,96041,1.1124e+05,1.1431e+05,99090,79751,87070,1.3717e+05,71464,69987,65659,64327,61448,1.0212e+05,73661,72068,70770,1.2686e+05,1.1738e+05,84363,1.0818e+05,76208,69080,1.2047e+05,1.3017e+05,1.6776e+05,1.8262e+05,1.8045e+05,1.703e+05,1.7437e+05,1.6095e+05,1.7375e+05,1.2148e+05,1.4356e+05,1.7121e+05,1.325e+05,1.144e+05,78568,1.0469e+05,88843,0,28129,34744,34636,23340,24211,38857,6674.9,30399,28803,26602,9849.7,44427,12606,30856,15451,21634,39764,12966,42914,32603,45888,3460.6,41358,15990,20820,36832,32787,3445.8,38119,9642.4,25779,36412,18887,6589.5
49650,39715,36342,36344,48765,42447,52363,50550,44586,38264,37469,53241,47890,36891,41074,40394,39031,43856,54093,43659,1.2756e+05,71753,1.1703e+05,80859,84200,63390,87556,1.0391e+05,1.0716e+05,90871,69226,77623,1.3131e+05,59245,57397,52091,50471,47002,94143,62000,60008,58372,1.2044e+05,1.104e+05,74557,1.0065e+05,65074,56284,1.1369e+05,1.2394e+05,1.6296e+05,1.7827e+05,1.7607e+05,1.6566e+05,1.6972e+05,1.5599e+05,1.6921e+05,1.1498e+05,1.3808e+05,1.6648e+05,1.2653e+05,1.0751e+05,68337,97170,79902,28129,0,9427.8,50734,6412.9,43386,15295,32515,3301.5,46467,44955,34535,58363,18012,47928,15243,41755,54654,36453,57144,6401.9,59548,30377,55906,38293,9450.1,12390,49350,25760,53381,20700,3305.6,52078,40061,23282
52450,41639,36683,36132,51529,44676,55244,53375,47066,35643,35415,56181,50619,35435,43153,42400,40859,46249,57099,39390,1.2532e+05,68221,1.1462e+05,77774,81228,59253,84672,1.0134e+05,1.0463e+05,88063,65536,74400,1.2913e+05,54799,52902,47384,45743,42368,91399,57739,55588,53907,1.1808e+05,1.0792e+05,71176,98032,61074,51754,1.1124e+05,1.2163e+05,1.6121e+05,1.7665e+05,1.7443e+05,1.6391e+05,1.6802e+05,1.5418e+05,1.675e+05,1.1261e+05,1.3605e+05,1.6476e+05,1.2433e+05,1.05e+05,64490,94439,76661,34744,9427.8,0,55075,15244,48303,6434.8,38562,6426.3,51123,49734,40351,62269,25808,52473,23320,46822,58751,42057,61112,3320,63401,36697,59939,43703,18035,3307.3,53790,32682,57546,28203,12372,56325,45293,30499
40485,54241,63321,64512,40311,48685,41450,40786,44408,69020,67909,41800,40449,66802,51507,52884,55569,45819,42115,73641,1.4149e+05,94113,1.3229e+05,1.0125e+05,1.0397e+05,87857,1.0675e+05,1.2077e+05,1.2364e+05,1.0954e+05,92204,98671,1.4479e+05,84730,83322,79473,78355,75983,1.1233e+05,86830,85335,84063,1.3527e+05,1.2649e+05,96268,1.1793e+05,89097,82484,1.2936e+05,1.3832e+05,1.7351e+05,1.8765e+05,1.8553e+05,1.7579e+05,1.7986e+05,1.6696e+05,1.7907e+05,1.2977e+05,1.5033e+05,1.7682e+05,1.3999e+05,1.2325e+05,91143,1.1443e+05,1.0027e+05,34636,50734,55075,0,47741,18070,57932,31016,52194,12047,15222,29134,22505,41423,8504.5,43053,20638,13437,27173,19948,53636,24765,32848,16986,25134,46216,56511,4545.1,36386,9298.3,39763,49249,4772.3,22976,38090
48086,38881,37223,37625,47240,41347,50709,48943,43332,40917,39817,51583,46410,38909,40095,39483,38278,42653,52404,46919,1.2897e+05,74052,1.1855e+05,82903,86172,66024,89464,1.0556e+05,1.0878e+05,92720,71620,79745,1.3268e+05,62095,60309,55161,53609,50267,95942,64704,62825,61256,1.2193e+05,1.1199e+05,76763,1.0235e+05,67628,59221,1.1524e+05,1.2539e+05,1.6405e+05,1.7927e+05,1.7708e+05,1.6673e+05,1.708e+05,1.571e+05,1.7026e+05,1.1643e+05,1.393e+05,1.6757e+05,1.2787e+05,1.0905e+05,70607,98833,81850,23340,6412.9,15244,47741,0,39927,20818,28158,9431.1,43216,41601,30389,55719,12428,44773,9478.3,38185,51867,32485,54454,12368,56954,25806,53173,34473,3329.6,18065,46281,20763,50530,15286,3323.3,49157,36372,18069
41143,47398,56751,57990,40728,42135,42522,41581,39772,62767,61569,42991,40340,60388,44669,46031,48743,40294,43426,67832,1.3812e+05,89169,1.2864e+05,96623,99449,82612,1.0234e+05,1.1681e+05,1.1975e+05,1.0522e+05,87171,93937,1.4152e+05,79409,77976,74018,72851,70351,1.0811e+05,81544,80018,78732,1.3171e+05,1.2268e+05,91427,1.1389e+05,83911,77120,1.2563e+05,1.3486e+05,1.7121e+05,1.8582e+05,1.8367e+05,1.7353e+05,1.7766e+05,1.6458e+05,1.7698e+05,1.2624e+05,1.4761e+05,1.7457e+05,1.3684e+05,1.1951e+05,86105,1.1038e+05,95592,24211,43386,48303,18070,39927,0,51475,19279,45055,7694.3,3920.4,16579,31717,32602,11369,34499,3816.1,25782,13691,29847,46686,33473,21816,27880,10611,38155,49902,14855,26472,23495,30641,41675,20954,7320.8,28607
54815,43427,37834,37042,53871,46714,57695,55763,49282,35009,35215,58658,52932,35665,45067,44249,42592,48415,59596,37254,1.2379e+05,65821,1.1301e+05,75725,79275,56380,82787,99629,1.0294e+05,86227,63004,72241,1.2763e+05,51749,49822,44363,42803,39733,89604,54785,52551,50842,1.1649e+05,1.0626e+05,68905,96301,58305,48657,1.0961e+05,1.2007e+05,1.5998e+05,1.7554e+05,1.733e+05,1.6269e+05,1.6686e+05,1.529e+05,1.663e+05,1.1086e+05,1.3457e+05,1.6356e+05,1.2273e+05,1.0315e+05,61609,92455,74256,38857,15295,6434.8,57932,20818,51475,0,42361,12406,54152,52832,44013,64888,30681,55440,28372,50074,61469,45600,63753,9454.7,66005,40646,62616,47138,23443,3303.7,56700,36975,60307,32887,18096,59132,48631,34987
43036,40674,49151,50461,42471,39189,44791,43610,39981,55499,54242,45386,41926,52998,39504,39987,41538,39617,45969,60967,1.3467e+05,83699,1.2484e+05,91589,94553,76734,97573,1.1259e+05,1.1563e+05,1.0058e+05,81579,88753,1.3819e+05,73426,71982,67800,66527,63758,1.0357e+05,75609,74032,72746,1.2802e+05,1.1867e+05,86095,1.0957e+05,78114,71100,1.2172e+05,1.3128e+05,1.6863e+05,1.8342e+05,1.8126e+05,1.7113e+05,1.7519e+05,1.6186e+05,1.7458e+05,1.2265e+05,1.4458e+05,1.7204e+05,1.3357e+05,1.1565e+05,80423,1.0606e+05,90492,6674.9,32515,38562,31016,28158,19279,42361,0,34580,24561,22026,3521.3,41367,18356,26877,20975,16354,36479,6831.2,39786,36589,42880,3482.6,38157,10092,25863,40490,29009,9762.9,34740,15609,30374,32926,13280,12746
50523,40253,36235,36027,49622,43100,53253,51432,45323,37181,36558,54146,48732,36167,41677,40966,39534,44562,55025,42113,1.2682e+05,70579,1.1623e+05,79826,83203,62031,86588,1.0305e+05,1.0632e+05,89928,68003,76549,1.3059e+05,57773,55906,50509,48861,45384,93222,60603,58553,56891,1.1966e+05,1.0958e+05,73434,99779,63756,54777,1.1288e+05,1.2318e+05,1.624e+05,1.7774e+05,1.7553e+05,1.6508e+05,1.6916e+05,1.5541e+05,1.6865e+05,1.1421e+05,1.3743e+05,1.6592e+05,1.2582e+05,1.067e+05,67111,96282,78862,30399,3301.5,6426.3,52194,9431.1,45055,12406,34580,0,48037,46571,36516,59665,20686,49459,18001,43477,56021,38361,58466,3304.6,60827,32548,57252,40135,12381,9444.3,50844,28132,54773,23270,6398.5,53503,41841,25753
40759,50044,59322,60544,40396,44499,41973,41142,40926,65246,64075,42409,40061,62914,47286,48673,51386,41939,42797,70140,1.3941e+05,91076,1.3002e+05,98393,1.0118e+05,84656,1.0402e+05,1.1832e+05,1.2123e+05,1.0687e+05,89118,95753,1.4277e+05,81498,80079,76163,75017,72575,1.0972e+05,83607,82098,80829,1.3307e+05,1.2412e+05,93288,1.1544e+05,85929,79228,1.2703e+05,1.3618e+05,1.7211e+05,1.8648e+05,1.8434e+05,1.7435e+05,1.785e+05,1.6552e+05,1.7774e+05,1.2757e+05,1.4866e+05,1.7544e+05,1.3802e+05,1.2092e+05,88073,1.1192e+05,97400,28803,46467,51123,12047,43216,7694.3,54152,24561,48037,0,4051.2,22252,28252,36345,4197.2,38110,11087,21567,19771,26211,49584,30146,26734,24000,17106,41549,52649,8188,30787,18811,34530,44860,15630,14221,32684
40940,48713,58025,59255,40552,43254,42240,41349,40242,64000,62813,42687,40188,61640,45965,47345,50058,41007,43100,68987,1.3876e+05,90116,1.2932e+05,97501,1.0031e+05,83630,1.0317e+05,1.1756e+05,1.2048e+05,1.0604e+05,88138,94837,1.4213e+05,80452,79023,75087,73932,71462,1.089e+05,82571,81055,79778,1.3238e+05,1.2339e+05,92350,1.1465e+05,84915,78170,1.2632e+05,1.3551e+05,1.7166e+05,1.8615e+05,1.8401e+05,1.7393e+05,1.7807e+05,1.6505e+05,1.7735e+05,1.269e+05,1.4813e+05,1.75e+05,1.3742e+05,1.202e+05,87085,1.1114e+05,96491,26602,44955,49734,15222,41601,3920.4,52832,22026,46571,4051.2,0,19516,30006,34514,7925,36343,7493.5,23746,16827,28062,48157,31827,24377,25992,13941,39882,51295,11681,28707,21261,32636,43296,18436,10836,30712
42692,41535,50458,51752,42148,39297,44383,43247,39784,56725,55481,44947,41628,54255,39993,40667,42561,39473,45487,62132,1.3521e+05,84594,1.2545e+05,92409,95350,77698,98346,1.1327e+05,1.163e+05,1.0133e+05,82491,89599,1.3871e+05,74402,72962,68842,67594,64880,1.0431e+05,76579,75009,73720,1.2861e+05,1.1932e+05,86967,1.1026e+05,79065,72090,1.2235e+05,1.3185e+05,1.6905e+05,1.8385e+05,1.8169e+05,1.7154e+05,1.756e+05,1.6231e+05,1.75e+05,1.2323e+05,1.4508e+05,1.7246e+05,1.341e+05,1.1627e+05,81357,1.0675e+05,91321,9849.7,34535,40351,29134,30389,16579,44013,3521.3,36516,22252,19516,0,39819,21074,24750,23566,13475,34803,3569.2,38199,38451,41364,6740.5,36528,6934.8,28208,42207,27021,12845,33007,18458,32496,31122,10243,15718
44997,62810,71266,72357,46536,57552,41254,43459,53532,76471,75444,41363,48005,74431,60207,61522,64055,54893,41536,80917,1.464e+05,1.0078e+05,1.3749e+05,1.0759e+05,1.1021e+05,94829,1.1287e+05,1.2641e+05,1.2917e+05,1.1555e+05,98959,1.0512e+05,1.4962e+05,91825,90442,86645,85548,83226,1.1823e+05,93847,92412,91173,1.4035e+05,1.3191e+05,1.0283e+05,1.2366e+05,96007,89617,1.3467e+05,1.4331e+05,1.7646e+05,1.9124e+05,1.8928e+05,1.7985e+05,1.8276e+05,1.7026e+05,1.8306e+05,1.3504e+05,1.5468e+05,1.7973e+05,1.4482e+05,1.2875e+05,97520,1.2023e+05,1.0652e+05,44427,58363,62269,22505,55719,31717,64888,41367,59665,28252,30006,39819,0,50283,26432,51676,33382,15046,38240,6956.7,60964,7729.1,42903,11592,36642,54385,63580,24529,45932,17869,48854,57050,20312,35026,47404
45585,38273,41080,42121,44861,39946,47891,46336,41535,47150,45783,48673,44161,44486,39012,38597,38072,40975,49454,53214,1.3144e+05,78238,1.2122e+05,86651,89780,70750,92950,1.0856e+05,1.1169e+05,96094,75951,83638,1.3508e+05,67194,65594,60837,59391,56290,99214,69542,67844,66446,1.2453e+05,1.1483e+05,80804,1.0544e+05,72230,64602,1.1799e+05,1.2793e+05,1.66e+05,1.8108e+05,1.7889e+05,1.6859e+05,1.7267e+05,1.5911e+05,1.7208e+05,1.1906e+05,1.415e+05,1.6947e+05,1.3028e+05,1.1181e+05,74730,1.0186e+05,85444,12606,18012,25808,41423,12428,32602,30681,18356,20686,36345,34514,21074,50283,0,38096,3373,30581,46037,23667,48904,23277,51602,15524,47486,26118,9503,28280,39784,9604.8,44547,3394.2,15261,43011,28427,6540.7
40612,51416,60636,61849,40274,45838,41748,40970,41865,66490,65340,42148,40015,64194,48655,50047,52755,43084,42527,71293,1.4008e+05,92057,1.3074e+05,99314,1.0208e+05,85698,1.049e+05,1.1911e+05,1.22e+05,1.0773e+05,90117,96693,1.4342e+05,82549,81139,77249,76112,73695,1.1056e+05,84656,83152,81884,1.3377e+05,1.2488e+05,94250,1.1624e+05,86957,80294,1.2778e+05,1.3687e+05,1.7256e+05,1.8681e+05,1.8468e+05,1.7479e+05,1.7894e+05,1.6599e+05,1.7815e+05,1.2827e+05,1.4919e+05,1.7588e+05,1.3865e+05,1.2166e+05,89078,1.1273e+05,98331,30856,47928,52473,8504.5,44773,11369,55440,26877,49459,4197.2,7925,24750,26432,38096,0,39813,14526,19189,22483,24260,50969,28417,28901,21870,20048,43154,53964,4354,32739,16064,36346,46368,12469,17408,34560
46140,38290,39936,40834,45379,40213,48528,46923,41909,45591,44249,49351,44647,43004,39195,38715,37953,41317,50154,51746,1.3086e+05,77250,1.206e+05,85767,88930,69650,92130,1.0786e+05,1.1101e+05,95300,74934,82720,1.3452e+05,66017,64368,59501,58027,54879,98444,68417,66684,65245,1.2392e+05,1.1416e+05,79852,1.0471e+05,71156,63348,1.1735e+05,1.2733e+05,1.6553e+05,1.8066e+05,1.7847e+05,1.6816e+05,1.7223e+05,1.5863e+05,1.7166e+05,1.1843e+05,1.4097e+05,1.6902e+05,1.2971e+05,1.1115e+05,73741,1.0113e+05,84576,15451,15243,23320,43053,9478.3,34499,28372,20975,18001,38110,36343,23566,51676,3373,39813,0,32566,47544,26021,50336,20691,52968,18265,48956,28343,6462,25880,41458,12552,46096,6520.3,12411,44601,30524,9570.2
41392,46090,55490,56736,40947,41187,42847,41862,39499,61545,60339,43338,40530,59150,43439,44743,47435,39788,43783,66686,1.3751e+05,88233,1.2798e+05,95758,98605,81602,1.0151e+05,1.1609e+05,1.1904e+05,1.0442e+05,86213,93049,1.4092e+05,78374,76937,72960,71781,69248,1.0732e+05,80526,78986,77694,1.3107e+05,1.2199e+05,90514,1.1315e+05,82916,76078,1.2495e+05,1.3423e+05,1.7077e+05,1.8546e+05,1.8331e+05,1.7313e+05,1.7725e+05,1.6412e+05,1.766e+05,1.256e+05,1.471e+05,1.7415e+05,1.3627e+05,1.1884e+05,85134,1.0963e+05,94709,21634,41755,46822,20638,38185,3816.1,50074,16354,43477,11087,7493.5,13475,33382,30581,14526,32566,0,27699,10414,31578,45161,35091,19067,29687,7173.3,36355,48463,17726,24055,25566,28509,39988,23238,3741.8,26342
41109,58580,67382,68527,41987,53166,41227,40799,48866,72814,71761,41501,43222,70711,55905,57251,59879,50322,41729,77265,1.438e+05,97372,1.3479e+05,1.0435e+05,1.0702e+05,91244,1.0974e+05,1.2349e+05,1.263e+05,1.1247e+05,95501,1.0183e+05,1.4704e+05,88181,86789,83007,81907,79576,1.152e+05,90241,88777,87523,1.377e+05,1.291e+05,99482,1.207e+05,92455,85965,1.3192e+05,1.4069e+05,1.7496e+05,1.8922e+05,1.8719e+05,1.7763e+05,1.8129e+05,1.6845e+05,1.8088e+05,1.3226e+05,1.523e+05,1.7826e+05,1.4224e+05,1.2587e+05,94324,1.172e+05,1.0334e+05,39764,54654,58751,13437,51867,25782,61469,36479,56021,21567,23746,34803,15046,46037,19189,47544,27699,0,33082,10917,57383,18266,38131,5756.7,31330,50455,60116,16524,41368,5350.9,44495,53270,9767.4,29538,42941
42346,42515,51727,53008,41826,39525,43976,42879,39604,57933,56697,44517,41324,55484,40617,41478,43677,39378,45026,63278,1.3576e+05,85491,1.2606e+05,93230,96148,78662,99119,1.1396e+05,1.1697e+05,1.0208e+05,83408,90445,1.3924e+05,75376,73938,69870,68640,65980,1.0504e+05,77551,75985,74695,1.2921e+05,1.1997e+05,87839,1.1096e+05,80015,73073,1.2298e+05,1.3242e+05,1.6948e+05,1.8428e+05,1.8212e+05,1.7195e+05,1.7602e+05,1.6276e+05,1.7541e+05,1.238e+05,1.4558e+05,1.7288e+05,1.3463e+05,1.169e+05,82289,1.0746e+05,92155,12966,36453,42057,27173,32485,13691,45600,6831.2,38361,19771,16827,3569.2,38240,23667,22483,26021,10414,33082,0,36578,40226,39824,9957.7,34862,3621.4,30422,43849,24931,15845,31220,21183,34494,29261,7045.7,18584
43366,61429,70000,71109,44836,56124,41168,42033,52018,75260,74232,41401,46326,73214,58795,60124,62695,53413,41606,79707,1.455e+05,99632,1.3656e+05,1.0651e+05,1.0914e+05,93612,1.1183e+05,1.2543e+05,1.282e+05,1.1452e+05,97793,1.0402e+05,1.4874e+05,90596,89226,85448,84349,82022,1.1722e+05,92624,91183,89951,1.3944e+05,1.3095e+05,1.0171e+05,1.2267e+05,94802,88405,1.3373e+05,1.424e+05,1.7596e+05,1.9053e+05,1.8855e+05,1.7908e+05,1.8227e+05,1.6957e+05,1.823e+05,1.3408e+05,1.5384e+05,1.7924e+05,1.4393e+05,1.2776e+05,96454,1.1919e+05,1.0546e+05,42914,57144,61112,19948,54454,29847,63753,39786,58466,26211,28062,38199,6956.7,48904,24260,50336,31578,10917,36578,0,59786,12215,41356,6279.6,34939,53101,62437,22190,44446,14503,47436,55806,17436,33273,45948
51448,40902,36350,35953,50538,43846,54204,52364,46147,36296,35862,55121,49637,35670,42375,41644,40148,45358,56024,40680,1.2607e+05,69396,1.1543e+05,78794,82207,60648,85622,1.0219e+05,1.0547e+05,88988,66772,75471,1.2987e+05,56281,54398,48926,47274,43826,92305,59176,57070,55395,1.1887e+05,1.0875e+05,72303,98903,62418,53260,1.1206e+05,1.2241e+05,1.6181e+05,1.772e+05,1.7498e+05,1.645e+05,1.6859e+05,1.548e+05,1.6808e+05,1.1342e+05,1.3675e+05,1.6534e+05,1.2509e+05,1.0586e+05,65824,95370,77776,32603,6401.9,3320,53636,12368,46686,9454.7,36589,3304.6,49584,48157,38451,60964,23277,50969,20691,45161,57383,40226,59786,0,62108,34645,58592,41934,15230,6442.2,52319,30435,56157,25763,9413.7,54913,43580,28152
46731,64150,72496,73570,48204,58941,42060,45185,54988,77666,76637,41340,49606,75627,61581,62881,65374,56318,41486,82104,1.4731e+05,1.0193e+05,1.3842e+05,1.087e+05,1.1129e+05,96040,1.1394e+05,1.274e+05,1.3014e+05,1.166e+05,1.0013e+05,1.0625e+05,1.5053e+05,93025,91635,87827,86729,84407,1.1927e+05,95066,93622,92370,1.4127e+05,1.3286e+05,1.0398e+05,1.2466e+05,97204,90808,1.3562e+05,1.4422e+05,1.7708e+05,1.9197e+05,1.9002e+05,1.8063e+05,1.8324e+05,1.7103e+05,1.8383e+05,1.3602e+05,1.5556e+05,1.8022e+05,1.4575e+05,1.2975e+05,98589,1.2128e+05,1.0758e+05,45888,59548,63401,24765,56954,33473,66005,42880,60827,30146,31827,41364,7729.1,51602,28417,52968,35091,18266,39824,12215,62108,0,44388,15524,38266,55643,64703,26637,47364,20636,50212,58260,22776,36691,48800
43395,39948,47803,49126,42806,39181,45227,43994,40181,54244,52967,45862,42237,51700,39151,39446,40640,39787,46483,59783,1.3413e+05,82811,1.2423e+05,90773,93762,75772,96804,1.1191e+05,1.1497e+05,99833,80668,87911,1.3768e+05,72448,70991,66744,65444,62621,1.0285e+05,74639,73052,71764,1.2744e+05,1.1802e+05,85227,1.0887e+05,77163,70098,1.2109e+05,1.3073e+05,1.682e+05,1.8301e+05,1.8084e+05,1.7072e+05,1.7478e+05,1.6141e+05,1.7416e+05,1.2207e+05,1.4407e+05,1.7162e+05,1.3304e+05,1.1503e+05,79497,1.0537e+05,89670,3460.6,30377,36697,32848,25806,21816,40646,3482.6,32548,26734,24377,6740.5,42903,15524,28901,18265,19067,38131,9957.7,41356,34645,44388,0,39766,13108,23395,38702,30924,6626,36440,12663,28133,34684,16155,9695
42012,60015,68701,69831,43292,54663,41187,41154,50456,74044,73008,41449,44698,71976,57358,58695,61299,51886,41666,78484,1.4463e+05,98492,1.3566e+05,1.0543e+05,1.0808e+05,92415,1.1078e+05,1.2445e+05,1.2724e+05,1.135e+05,96636,1.0292e+05,1.4787e+05,89377,88000,84232,83133,80799,1.1621e+05,91419,89969,88728,1.3856e+05,1.3002e+05,1.0059e+05,1.2168e+05,93615,87180,1.3282e+05,1.4153e+05,1.7546e+05,1.8985e+05,1.8784e+05,1.7833e+05,1.8178e+05,1.6898e+05,1.8157e+05,1.3316e+05,1.5305e+05,1.7875e+05,1.4306e+05,1.268e+05,95392,1.1818e+05,1.044e+05,41358,55906,59939,16986,53173,27880,62616,38157,57252,24000,25992,36528,11592,47486,21870,48956,29687,5756.7,34862,6279.6,58592,15524,39766,0,33171,51794,61284,19569,42928,10299,45981,54547,13958,31448,44461
42011,43613,52982,54251,41508,39896,43582,42523,39464,59136,57908,44102,41032,56702,41390,42430,44875,39366,44586,64415,1.3633e+05,86390,1.2669e+05,94057,96951,79630,99900,1.1466e+05,1.1765e+05,1.0285e+05,84328,91297,1.3979e+05,76360,74921,70892,69683,67069,1.0579e+05,78532,76969,75679,1.2982e+05,1.2063e+05,88715,1.1168e+05,80967,74059,1.2363e+05,1.3302e+05,1.699e+05,1.847e+05,1.8254e+05,1.7235e+05,1.7643e+05,1.6321e+05,1.7581e+05,1.2439e+05,1.4608e+05,1.733e+05,1.3517e+05,1.1753e+05,83224,1.0817e+05,92993,15990,38293,43703,25134,34473,10611,47138,10092,40135,17106,13941,6934.8,36642,26118,20048,28343,7173.3,31330,3621.4,34939,41934,38266,13108,33171,0,32503,45440,22723,18728,29397,23777,36405,27346,3678.2,21320
47389,38595,37974,38556,46567,40904,49942,48225,42805,42427,41219,50809,45769,40166,39727,39156,38058,42152,51626,48577,1.2963e+05,75157,1.1927e+05,83895,87128,67282,90390,1.0636e+05,1.0956e+05,93618,72766,80772,1.3332e+05,63466,61723,56656,55133,51863,96813,65995,64171,62647,1.2263e+05,1.1275e+05,77829,1.0317e+05,68850,60655,1.1598e+05,1.2607e+05,1.6456e+05,1.7975e+05,1.7756e+05,1.6724e+05,1.713e+05,1.5763e+05,1.7075e+05,1.1712e+05,1.3987e+05,1.6808e+05,1.285e+05,1.0977e+05,71687,99619,82783,20820,9450.1,18035,46216,3329.6,38155,23443,25863,12381,41549,39882,28208,54385,9503,43154,6462,36355,50455,30422,53101,15230,55643,23395,51794,32503,0,20777,44708,18122,49082,12462,6428.5,47672,34476,15328
53556,42458,37168,36488,52621,45611,56399,54493,48093,35204,35191,57352,51696,35426,44028,43246,41655,47246,58282,38241,1.2455e+05,67032,1.1382e+05,76754,80254,57836,83729,1.0048e+05,1.0379e+05,87144,64281,73324,1.2838e+05,53295,51383,45861,44248,40997,90501,56281,54089,52395,1.1729e+05,1.0709e+05,70047,97166,59709,50222,1.1043e+05,1.2085e+05,1.606e+05,1.761e+05,1.7387e+05,1.633e+05,1.6744e+05,1.5355e+05,1.669e+05,1.1175e+05,1.3532e+05,1.6417e+05,1.2354e+05,1.0409e+05,63091,93466,75492,36832,12390,3307.3,56511,18065,49902,3303.7,40490,9444.3,52649,51295,42207,63580,28280,53964,25880,48463,60116,43849,62437,6442.2,64703,38702,61284,45440,20777,0,55253,34863,58934,30584,15265,57736,46978,32781
40515,52815,61965,63168,40227,47241,41570,40845,43054,67747,66616,41944,40120,65489,50069,51453,54151,44406,42287,72457,1.4077e+05,93070,1.315e+05,1.0027e+05,1.0301e+05,86762,1.0581e+05,1.1992e+05,1.228e+05,1.0862e+05,91145,97667,1.4409e+05,83624,82215,78349,77221,74829,1.1143e+05,85728,84229,82958,1.345e+05,1.2566e+05,95244,1.1707e+05,88011,81376,1.2855e+05,1.3758e+05,1.7303e+05,1.8721e+05,1.8508e+05,1.7527e+05,1.7939e+05,1.6647e+05,1.7859e+05,1.29e+05,1.4975e+05,1.7635e+05,1.393e+05,1.2244e+05,90100,1.1356e+05,99288,32787,49350,53790,4545.1,46281,14855,56700,29009,50844,8188,11681,27021,24529,39784,4354,41458,17726,16524,24931,22190,52319,26637,30924,19569,22723,44708,55253,0,34596,12938,38082,47828,8880.2,20333,36358
44158,38853,45007,46303,43519,39345,46176,44809,40613,51574,50244,46879,42899,48930,38798,38730,39180,40157,47560,57289,1.3306e+05,81023,1.2303e+05,89143,92185,73826,95276,1.1057e+05,1.1365e+05,98347,78823,86227,1.3665e+05,70449,68946,64522,63160,60223,1.014e+05,72669,71062,69741,1.2628e+05,1.1674e+05,83494,1.075e+05,75244,68024,1.1985e+05,1.2961e+05,1.6732e+05,1.8223e+05,1.8006e+05,1.6987e+05,1.7396e+05,1.6049e+05,1.7334e+05,1.2088e+05,1.4304e+05,1.7078e+05,1.3195e+05,1.1375e+05,77624,1.0398e+05,88002,3445.8,25760,32682,36386,20763,26472,36975,9762.9,28132,30787,28707,12845,45932,9604.8,32739,12552,24055,41368,15845,44446,30435,47364,6626,42928,18728,18122,34863,34596,0,39766,6559.6,23304,38110,21471,3429.7
40669,57132,66045,67207,41074,51651,41286,40720,47319,71561,70492,41575,41961,69423,54431,55792,58442,48774,41833,76045,1.4299e+05,96267,1.3394e+05,1.033e+05,1.0598e+05,90097,1.0872e+05,1.2255e+05,1.2538e+05,1.1147e+05,94383,1.0076e+05,1.4625e+05,87005,85605,81800,80696,78357,1.1421e+05,89087,87608,86344,1.3687e+05,1.282e+05,98393,1.1975e+05,91317,84777,1.3105e+05,1.3987e+05,1.7447e+05,1.8865e+05,1.8659e+05,1.7696e+05,1.808e+05,1.6795e+05,1.8022e+05,1.314e+05,1.5161e+05,1.7777e+05,1.4146e+05,1.2496e+05,93258,1.1625e+05,1.023e+05,38119,53381,57546,9298.3,50530,23495,60307,34740,54773,18811,21261,33007,17869,44547,16064,46096,25566,5350.9,31220,14503,56157,20636,36440,10299,29397,49082,58934,12938,39766,0,42968,51966,5033.4,27521,41373
45066,38330,42307,43462,44373,39700,47280,45779,41185,48675,47300,48035,43700,45974,38855,38529,38282,40656,48772,54613,1.3199e+05,79185,1.2183e+05,87496,90594,71803,93736,1.0924e+05,1.1235e+05,96854,76930,84520,1.3561e+05,68314,66752,62104,60684,57640,99953,70616,68953,67582,1.2512e+05,1.1547e+05,81719,1.0613e+05,73261,65783,1.1861e+05,1.285e+05,1.6645e+05,1.8147e+05,1.7929e+05,1.6901e+05,1.731e+05,1.5957e+05,1.7251e+05,1.1967e+05,1.4201e+05,1.6991e+05,1.3084e+05,1.1246e+05,75696,1.0256e+05,86292,9642.4,20700,28203,39763,15286,30641,32887,15609,23270,34530,32636,18458,48854,3394.2,36346,6520.3,28509,44495,21183,47436,25763,50212,12663,45981,23777,12462,30584,38082,6559.6,42968,0,18036,41392,26222,3410.4
48841,39260,36678,36886,47975,41870,51518,49720,43933,39519,38563,52393,47121,37814,40550,39903,38614,43228,53221,45274,1.2828e+05,72916,1.178e+05,81892,85197,64723,88521,1.0474e+05,1.0798e+05,91807,70435,78695,1.32e+05,60686,58864,53642,52058,48641,95054,63367,61432,59828,1.212e+05,1.1121e+05,75672,1.0151e+05,66364,57765,1.1447e+05,1.2468e+05,1.6351e+05,1.7878e+05,1.7658e+05,1.6621e+05,1.7027e+05,1.5656e+05,1.6975e+05,1.1572e+05,1.387e+05,1.6703e+05,1.2721e+05,1.0829e+05,69499,98022,80896,25779,3305.6,12372,49249,3323.3,41675,18096,30374,6398.5,44860,43296,32496,57050,15261,46368,12411,39988,53270,34494,55806,9413.7,58260,28133,54547,36405,6428.5,15265,47828,23304,51966,18036,0,50629,38236,20727
40509,55683,64687,65865,40558,50156,41356,40743,45836,70294,69206,41674,41034,68118,52962,54332,57002,47275,41966,74836,1.4222e+05,95178,1.331e+05,1.0226e+05,1.0496e+05,88970,1.0772e+05,1.2165e+05,1.245e+05,1.1049e+05,93283,99702,1.455e+05,85857,84450,80621,79511,77157,1.1326e+05,87950,86461,85191,1.3606e+05,1.2733e+05,97318,1.1883e+05,90198,83618,1.3019e+05,1.3908e+05,1.7399e+05,1.8814e+05,1.8603e+05,1.7635e+05,1.8032e+05,1.6745e+05,1.7961e+05,1.3057e+05,1.5095e+05,1.7729e+05,1.4071e+05,1.2409e+05,92196,1.1533e+05,1.0128e+05,36412,52078,56325,4772.3,49157,20954,59132,32926,53503,15630,18436,31122,20312,43011,12469,44601,23238,9767.4,29261,17436,54913,22776,34684,13958,27346,47672,57736,8880.2,38110,5033.4,41392,50629,0,25350,39761
41687,44817,54236,55494,41210,40446,43206,42182,39416,60339,59123,43711,40765,57924,42336,43530,46140,39489,44173,65551,1.3691e+05,87305,1.2733e+05,94904,97773,80607,1.007e+05,1.1537e+05,1.1834e+05,1.0363e+05,85263,92168,1.4035e+05,77360,75922,71919,70728,68156,1.0655e+05,79520,77968,76679,1.3044e+05,1.2131e+05,89608,1.1241e+05,81931,75061,1.2429e+05,1.3362e+05,1.7034e+05,1.8509e+05,1.8293e+05,1.7274e+05,1.7684e+05,1.6367e+05,1.7621e+05,1.2499e+05,1.4659e+05,1.7372e+05,1.3571e+05,1.1818e+05,84175,1.0889e+05,93844,18887,40061,45293,22976,36372,7320.8,48631,13280,41841,14221,10836,10243,35026,28427,17408,30524,3741.8,29538,7045.7,33273,43580,36691,16155,31448,3678.2,34476,46978,20333,21471,27521,26222,38236,25350,0,23910
44585,38511,43625,44867,43918,39490,46702,45267,40865,50144,48788,47436,43270,47459,38768,38562,38645,40373,48141,55962,1.3252e+05,80109,1.2243e+05,88322,91391,72822,94508,1.099e+05,1.13e+05,97603,77883,85378,1.3613e+05,69396,67870,63332,61938,58945,1.0068e+05,71652,70024,68679,1.257e+05,1.161e+05,82613,1.0681e+05,74260,66925,1.1923e+05,1.2905e+05,1.6688e+05,1.8185e+05,1.7967e+05,1.6944e+05,1.7354e+05,1.6003e+05,1.7292e+05,1.2027e+05,1.4253e+05,1.7035e+05,1.3139e+05,1.131e+05,76663,1.0327e+05,87144,6589.5,23282,30499,38090,18069,28607,34987,12746,25753,32684,30712,15718,47404,6540.7,34560,9570.2,26342,42941,18584,45948,28152,48800,9695,44461,21320,15328,32781,36358,3429.7,41373,3410.4,20727,39761,23910,0
